filename,width,height,class,xmin,ymin,xmax,ymax
54_jpg.rf.0039ee01d956881dc93f99c173893561.jpg,224,224,Dog-Leprosy,0,0,223,223
Dirty-stray-dog-is-a-skin-disease--leprosy-in-dog-stock-pictures_-royalty-free-photos-_-images--4-_jpg.rf.0212043f6dfb6cb27947621b393f92e1.jpg,224,224,Dog-Leprosy,0,0,223,223
Close-up-Leprosy-Skin-Disease-on-the-Back-of--Closeup-Leprosy-Skin-Disease-on-the-Back-of-the-Dog-stock-image--3-_jpg.rf.080555b49991819d4e042a5034f67921.jpg,224,224,Dog-Leprosy,0,0,223,223
Closeup-dog-has-an-leprosy-skin-problem-on-t--leprosy-in-dog-stock-pictures_-royalty-free-photos-_-images--1-_jpg.rf.0365a4a05b453178a74d8cc474059b80.jpg,224,224,Dog-Leprosy,0,0,223,223
Closeup-dog-sick-leprosy-skin-problem--With-white-background-royalty-free-stock-image--1-_jpg.rf.04e7b2183660eae8a3590a422aa3196f.jpg,224,224,Dog-Leprosy,0,0,223,223
Closeup-dog-has-an-leprosy-skin-problem-on-t--royalty-free-stock-image_jpg.rf.049bf4e9e42621161979af8b61077e2b.jpg,224,224,Dog-Leprosy,0,0,223,223
Dog-sick-leprosy-skin-problem-with-pregnant-on_yyth--Dog-sick-leprosy-skin-problem-with-pregnant-royalty-free-stock-photo_jpg.rf.1cd76e72a7e8abd9dfc30eab6c9c6216.jpg,224,224,Dog-Leprosy,0,0,223,223
Dirty-stray-dog-is-a-skin-disease--leprosy-in-dog-stock-pictures_-royalty-free-photos-_-images--1-_jpg.rf.022db0ffb407668f4ce835f68624cbd6.jpg,224,224,Dog-Leprosy,0,0,223,223
A-stray-dog-with-leprosy-on-skin-at-the_yyth--1-_jpg.rf.03bcdd31407ce97b22d5e910272567dd.jpg,224,224,Dog-Leprosy,0,0,223,223
Closeup-top-view-dog-sick-leprosy-skin-problem_yyth--1-_jpg.rf.0327e0af827e2ec31995fc440f927928.jpg,224,224,Dog-Leprosy,0,0,223,223
Close-up-Leprosy-Skin-Disease-on-the-Back-of_yythkg--Close-up-Leprosy-Skin-Disease-on-the-Back-of-the-Dog-royalty-free-stock-images_jpg.rf.1263408c68bbef247c4ca9ecb68ceeea.jpg,224,224,Dog-Leprosy,0,0,223,223
Close-up-of-legs-dog-has-an-leprosy-skin-pro--leprosy-in-dog-stock-pictures_-royalty-free-photos-_-images--1-_jpg.rf.0ccf664e3957bd24374eab8f645780eb.jpg,224,224,Dog-Leprosy,0,0,223,223
Dog-sick-leprosy-skin-problem-with-pregnant-on_yyth--Dog-sick-leprosy-skin-problem-with-pregnant-royalty-free-stock-photo_jpg.rf.0b5911f0315448a93a6a1dd1b02fc21c.jpg,224,224,Dog-Leprosy,0,0,223,223
Closeup-face-of-dog-sick-leprosy-skin-problem_yythk--11-_jpg.rf.04fcb7875a09b6c7b776a8bb29d8bf99.jpg,224,224,Dog-Leprosy,0,0,223,223
Dog-sick-leprosy-skin-problem-with-pregnant-on_yyth--Dog-sick-leprosy-skin-problem-with-pregnant-stock-images_jpg.rf.1ad363e7fa22c9175d1974f4bff28ea9.jpg,224,224,Dog-Leprosy,0,0,223,223
99_jpg.rf.0bee8e472c5da2925f0b694fab0549ca.jpg,224,224,Dog-Leprosy,0,0,223,223
Close-up-of-legs-dog-has-an-leprosy-skin-pro--leprosy-in-dog-stock-pictures_-royalty-free-photos-_-images--3-_jpg.rf.101a27e045e3b8f74e6d38c78d5dac7a.jpg,224,224,Dog-Leprosy,0,0,223,223
Dog-sick-leprosy-skin-problem-with-pregnant-on_yyth--Dog-sick-leprosy-skin-problem-with-pregnant-stock-images_jpg.rf.0b1f039e16d280c9c1fc4bafbe7489f4.jpg,224,224,Dog-Leprosy,0,0,223,223
Dog-sick-leprosy-skin-problem-with-pregnant-on_yyth--Dog-sick-leprosy-skin-problem-with-pregnant-stock-images_jpg.rf.09dc3f68a0c58e898f8351698e3f04fe.jpg,224,224,Dog-Leprosy,0,0,223,223
Closeup-legs-of-dog-sick-leprosy-skin-problem_yythk--13-_jpg.rf.0ba21c590336998b420921d594f7bf66.jpg,224,224,Dog-Leprosy,0,0,223,223
Asian-breed-dog-leprosy-in-dog-stock-pictur--22-_jpg.rf.1cc6a499a2aad93c60dba010fc457d68.jpg,224,224,Dog-Leprosy,0,0,223,223
Dog-sick-leprosy-skin-problem-with-pregnant-on_yyth--Dog-sick-leprosy-skin-problem-with-pregnant-royalty-free-stock-images--1-_jpg.rf.13ffda17323097e8655726bd16c3d853.jpg,224,224,Dog-Leprosy,0,0,223,223
Closeup-the-disease-on-dog-skin_Dermatitis-in-Dog_s--leprosy-in-dog-stock-pictures_-royalty-free-photos-_-images--1-_jpg.rf.1e66422cc730a30a42248c8be12ad816.jpg,224,224,Dog-Leprosy,0,0,223,223
Asian-breed-dog-leprosy-in-dog-stock-pictur--13-_jpg.rf.24a6525e52c5abaaf7474ed27358a1a0.jpg,224,224,Dog-Leprosy,0,0,223,223
Close-up-Leprosy-Skin-Disease-on-the-Back-of_yythkg--Close-up-Leprosy-Skin-Disease-on-the-Back-of-the-Dog-stock-photography--1-_jpg.rf.2143731b3bbdd6e2636ca4656034493d.jpg,224,224,Dog-Leprosy,0,0,223,223
American-bully-dog-with-dermatitis-drinking-water-w--friendship-concept--leprosy-in-dog-stock-pictures_-royalty-free-photos-_-images--1-_jpg.rf.38c440c1a727ce5819ed2fb9cc891351.jpg,224,224,Dog-Leprosy,0,0,223,223
Asian-breed-dog-leprosy-in-dog-stock-pictur--10-_jpg.rf.39f950de222964105c716141e2d733e1.jpg,224,224,Dog-Leprosy,0,0,223,223
Dirty-stray-dog-is-a-skin-disease--leprosy-in-dog-stock-pictures_-royalty-free-photos-_-images--4-_jpg.rf.44c9a8334efc42a42c4105e5c3fccdc3.jpg,224,224,Dog-Leprosy,0,0,223,223
Closeup-dog-has-an-leprosy-skin-problem-on-t--royalty-free-stock-image_jpg.rf.4000560291eb36284be9b57f3cd640bf.jpg,224,224,Dog-Leprosy,0,0,223,223
an-open-dermatological-wound-in-an-animal-allergic-reaction-by-a-picture-id1299155992--1-_jpg.rf.38f65d301429f7ae66b4369e34c588c5.jpg,224,224,Dog-Leprosy,0,0,223,223
Asian-breed-dog-leprosy-in-dog-stock-pictur--22-_jpg.rf.0b2c9ef0fb0dde17e2e30d43e1998861.jpg,224,224,Dog-Leprosy,0,0,223,223
4_jpg.rf.2119bc546d5a79f65de46dc032654e25.jpg,224,224,Dog-Leprosy,0,0,223,223
Asian-breed-dog-leprosy-in-dog-stock-pictur--13-_jpg.rf.2dd7b758535bd6351d48bf12ece6a673.jpg,224,224,Dog-Leprosy,0,0,223,223
Dirty-stray-dog-is-a-skin-disease--leprosy-in-dog-stock-pictures_-royalty-free-photos-_-images--3-_jpg.rf.342447af2fe22bd438255927b73d0ad7.jpg,224,224,Dog-Leprosy,0,0,223,223
atopic-dermatitis-in-dogs-in-summer-open-purulent-wound-on-the-of-picture-id1299155286--1-_jpg.rf.286ab6309d923ac63781051ccebc25f0.jpg,224,224,Dog-Leprosy,0,0,223,223
Close-up-of-legs-dog-has-an-leprosy-skin-pro--leprosy-in-dog-stock-pictures_-royalty-free-photos-_-images--3-_jpg.rf.0d42c132fb735c706798b587fa7cd380.jpg,224,224,Dog-Leprosy,0,0,223,223
Closeup-dog-sick-leprosy-skin-problem-with-white_yy--stock-photography_jpg.rf.4b50d34fcacdc9f0ed0ba6c7bd6a8465.jpg,224,224,Dog-Leprosy,0,0,223,223
Close-up-Leprosy-Skin-Disease-on-the-Back-of_yythkg--Close-up-Leprosy-Skin-Disease-on-the-Back-of-the-Dog-royalty-free-stock-images_jpg.rf.46f43ae44cbd97df473bc2f30e2d6c50.jpg,224,224,Dog-Leprosy,0,0,223,223
Dermatitis-in-dog_-skin-laminate-and-dog-hair_yythk--leprosy-in-dog-stock-pictures_-royalty-free-photos-_-images--1-_jpg.rf.0faacd1c347390e7be09034ec290f147.jpg,224,224,Dog-Leprosy,0,0,223,223
Closeup-dog-has-an-leprosy-skin-problem-on-t--leprosy-in-dog-stock-pictures_-royalty-free-photos-_-images--1-_jpg.rf.30802783207997ae9a161765fcbea1dd.jpg,224,224,Dog-Leprosy,0,0,223,223
Close-up-of-legs-dog-has-an-leprosy-skin-pro--stock-images_jpg.rf.24c1599d51e0e751573eb83ff9c806b0.jpg,224,224,Dog-Leprosy,0,0,223,223
Asian-breed-dog-leprosy-in-dog-stock-pictur--15-_jpg.rf.3e0429cb10162d20b6cd66326504f2df.jpg,224,224,Dog-Leprosy,0,0,223,223
an-open-dermatological-wound-in-an-animal-allergic-reaction-picture-id1299155172--1-_jpg.rf.49db4c17beba5278d64e8bd8130799d7.jpg,224,224,Dog-Leprosy,0,0,223,223
an-open-dermatological-wound-in-an-animal-allergic-reaction-picture-id1299155172--1-_jpg.rf.39573fe112bbcf5c0ddc9f123122fd99.jpg,224,224,Dog-Leprosy,0,0,223,223
Close-up-Leprosy-Skin-Disease-on-the-Back-of--Closeup-Leprosy-Skin-Disease-on-the-Back-of-the-Dog-stock-image--3-_jpg.rf.397ffd837cd2e3d22928093e80343d4e.jpg,224,224,Dog-Leprosy,0,0,223,223
88_jpg.rf.3f904f8f83291bef04ad3ae4fefb358b.jpg,224,224,Dog-Leprosy,1,0,224,223
Closeup-dog-has-an-leprosy-skin-problem-on-t--leprosy-in-dog-stock-pictures_-royalty-free-photos-_-images--1-_jpg.rf.639f6af1b9d7086c10435c2259d7e58d.jpg,224,224,Dog-Leprosy,0,0,223,223
Closeup-face-of-Dog-sick-leprosy-skin-problem_yythk--15-_jpg.rf.502e9bcaaf6cf1f5d312b512060fbdf7.jpg,224,224,Dog-Leprosy,0,0,223,223
Close-up-Leprosy-Skin-Disease-on-the-Back-of--Closeup-Leprosy-Skin-Disease-on-the-Back-of-the-Dog-stock-image--1-_jpg.rf.5b4f573123bee5cf4cac32ed7676ae95.jpg,224,224,Dog-Leprosy,0,0,223,223
Closeup-dog-sick-leprosy-skin-problem-with-white_yy--stock-photography_jpg.rf.5c0639bf7749bd5b1686f75597fa2f21.jpg,224,224,Dog-Leprosy,0,0,223,223
Close-up-of-legs-dog-has-an-leprosy-skin-pro--leprosy-in-dog-stock-pictures_-royalty-free-photos-_-images--3-_jpg.rf.4f8a52895531d54f74a64c14c0d6148c.jpg,224,224,Dog-Leprosy,0,0,223,223
A-British-Bulldog-experiences-a-severe-allergic-rea--1-_jpg.rf.60c459de5f0ae2482c9d5ef9b197f591.jpg,224,224,Dog-Leprosy,0,0,223,223
98_jpg.rf.7367d1a597ebde7538e397b4e2334450.jpg,224,224,Dog-Leprosy,0,0,223,223
Closeup-face-of-dog-sick-leprosy-skin-problem_yythk--11-_jpg.rf.5531cc24452764b22d7424e807a779e4.jpg,224,224,Dog-Leprosy,0,0,223,223
Close-up-Leprosy-Skin-Disease-on-the-Back-of--Closeup-Leprosy-Skin-Disease-on-the-Back-of-the-Dog-stock-image--1-_jpg.rf.608497b6378e7c73a34e2b822eca9d66.jpg,224,224,Dog-Leprosy,0,0,223,223
Dog-sick-leprosy-skin-problem-with-pregnant-on_yyth--Dog-sick-leprosy-skin-problem-with-pregnant-royalty-free-stock-images--1-_jpg.rf.6ab30c6df1d57df3e33b8678e6095495.jpg,224,224,Dog-Leprosy,0,0,223,223
88_jpg.rf.4ead581782995962d5d0ab294e781eec.jpg,224,224,Dog-Leprosy,0,0,223,223
Closeup-face-of-dog-sick-leprosy-skin-problem_yythk--25-_jpg.rf.50dd4cfc5d1c9c530af8d90112e15f67.jpg,224,224,Dog-Leprosy,0,0,223,223
A-British-Bulldog-experiences-a-severe-allergic-rea--1-_jpg.rf.7599cd60457456fddb85ab92fd15a995.jpg,224,224,Dog-Leprosy,0,0,223,223
Closeup-legs-of-dog-sick-leprosy-skin-problem_yythk--13-_jpg.rf.5c310ab0c2817a71404ee37d4b994171.jpg,224,224,Dog-Leprosy,0,0,223,223
Closeup-the-disease-on-dog-skin_Dermatitis-in-Dog_s--leprosy-in-dog-stock-pictures_-royalty-free-photos-_-images--2-_jpg.rf.5903515f67e5676a59de12894310cec3.jpg,224,224,Dog-Leprosy,0,0,223,223
Dermatitis-in-dog_-skin-laminate-and-dog-hair_yythk--leprosy-in-dog-stock-pictures_-royalty-free-photos-_-images--1-_jpg.rf.65a09a44bde471cf3bb001b65e129653.jpg,224,224,Dog-Leprosy,0,0,223,223
Close-up-of-legs-dog-has-an-leprosy-skin-pro--stock-images_jpg.rf.5af53e4f6c01a96d7511d717980f5307.jpg,224,224,Dog-Leprosy,0,0,223,223
Closeup-face-of-dog-sick-leprosy-skin-problem_yythk--34-_jpg.rf.68ba1220c7208e90187a92e85b5c081c.jpg,224,224,Dog-Leprosy,0,0,223,223
Closeup-face-of-dog-sick-leprosy-skin-problem_yythk--25-_jpg.rf.6d53737c2a6644a1ea0000dc6e2f3e41.jpg,224,224,Dog-Leprosy,0,0,223,223
Closeup-top-view-dog-sick-leprosy-skin-problem_yyth--1-_jpg.rf.61c516f085c1007b10212a0609a6e352.jpg,224,224,Dog-Leprosy,0,0,223,223
Closeup-the-disease-on-dog-skin_Dermatitis-in-Dog_s--leprosy-in-dog-stock-pictures_-royalty-free-photos-_-images--2-_jpg.rf.6924fe08cd7739eab60900a89cb49e3f.jpg,224,224,Dog-Leprosy,1,0,223,223
Close-up-of-legs-dog-has-an-leprosy-skin-pro--leprosy-in-dog-stock-pictures_-royalty-free-photos-_-images--2-_jpg.rf.8412a7e9abbd4a2d3442ba3ba5655b82.jpg,224,224,Dog-Leprosy,0,0,223,223
Close-up-Leprosy-Skin-Disease-on-the-Back-of--Closeup-Leprosy-Skin-Disease-on-the-Back-of-the-Dog-stock-image--3-_jpg.rf.7d64a78a8ce7284a6bf13ad45a3e1102.jpg,224,224,Dog-Leprosy,0,0,223,223
Closeup-the-skin-and-dog-hir_this-show-the-D--leprosy-in-dog-stock-pictures_-royalty-free-photos-_-images--1-_jpg.rf.76195bd07bc31d6c9dc6e3f73582b1f7.jpg,224,224,Dog-Leprosy,0,0,223,223
Closeup-legs-of-dog-sick-leprosy-skin-problem_yythk--14-_jpg.rf.67f7c985dcb69e6445b54b561c1a9e8f.jpg,224,224,Dog-Leprosy,0,0,223,223
54_jpg.rf.860c24c5e1f3030985c0115e8f6f7dd0.jpg,224,224,Dog-Leprosy,0,0,223,223
Asian-breed-dog-leprosy-in-dog-stock-pictur--10-_jpg.rf.8aa6f2ccda6b8d157b3d4a1d2e3bdbde.jpg,224,224,Dog-Leprosy,0,0,223,223
Asian-breed-dog-leprosy-in-dog-stock-pictur--22-_jpg.rf.8dd9d4cd816a1cb46b2bca086ee4fb62.jpg,224,224,Dog-Leprosy,0,0,223,223
Close-up-of-legs-dog-has-an-leprosy-skin-pro--leprosy-in-dog-stock-pictures_-royalty-free-photos-_-images--2-_jpg.rf.764e1a065a019e8c33d413fc0c519d9f.jpg,224,224,Dog-Leprosy,0,0,223,223
Asian-breed-dog-leprosy-in-dog-stock-pictur--15-_jpg.rf.79c0db229f802dfb3e42ef9281ecbba4.jpg,224,224,Dog-Leprosy,0,0,223,223
Dog-sick-leprosy-skin-problem-with-pregnant-on_yyth--Dog-sick-leprosy-skin-problem-with-pregnant-royalty-free-stock-photo_jpg.rf.845dc543f49ed05f6900676e7c889307.jpg,224,224,Dog-Leprosy,0,0,223,223
98_jpg.rf.86ab3274b3b4155ee9e2a4c659681fba.jpg,224,224,Dog-Leprosy,0,0,223,223
Closeup-face-of-Dog-sick-leprosy-skin-problem_yythk--15-_jpg.rf.7b4e73d809f767931e5984939ac7c1e0.jpg,224,224,Dog-Leprosy,0,0,223,223
88_jpg.rf.922512072454e2f6f6e7e8986e4bc634.jpg,224,224,Dog-Leprosy,0,0,223,223
Dirty-stray-dog-is-a-skin-disease--leprosy-in-dog-stock-pictures_-royalty-free-photos-_-images--4-_jpg.rf.98a9c1b92192746c130f9262b245e657.jpg,224,224,Dog-Leprosy,0,0,223,223
Closeup-legs-of-dog-sick-leprosy-skin-problem_yythk--11-_jpg.rf.90b6ef5768af10b0ac6e8096011f7e84.jpg,224,224,Dog-Leprosy,0,0,223,223
Closeup-legs-of-dog-sick-leprosy-skin-problem_yythk--13-_jpg.rf.8b023cb23ff70fcbe2e63c24833d21d9.jpg,224,224,Dog-Leprosy,0,0,223,223
Closeup-the-skin-and-dog-hir_this-show-the-D--leprosy-in-dog-stock-pictures_-royalty-free-photos-_-images--1-_jpg.rf.9ca3fb8233a8cdec0fc7684a3ae1d0a6.jpg,224,224,Dog-Leprosy,0,0,223,223
Closeup-face-of-dog-sick-leprosy-skin-problem_yythk--12-_jpg.rf.806b93d11211746ddd4edea3ef6d4027.jpg,224,224,Dog-Leprosy,0,0,223,223
Dirty-stray-dog-is-a-skin-disease--leprosy-in-dog-stock-pictures_-royalty-free-photos-_-images--1-_jpg.rf.8419a7eb6783a6c0d0be8ab2c6cf363a.jpg,224,224,Dog-Leprosy,0,0,223,223
99_jpg.rf.42998596c0b15ed71f6e329036d5a8f4.jpg,224,224,Dog-Leprosy,0,0,223,223
Closeup-legs-of-dog-sick-leprosy-skin-problem_yythk--11-_jpg.rf.9db13382e81255d0e9b761f708978ada.jpg,224,224,Dog-Leprosy,0,0,223,223
Closeup-dog-sick-leprosy-skin-problem-with-white_yy--stock-photography_jpg.rf.9133f3ed4f08cfe7f15b209c3714c8af.jpg,224,224,Dog-Leprosy,0,0,223,223
Close-up-of-legs-dog-has-an-leprosy-skin-pro--leprosy-in-dog-stock-pictures_-royalty-free-photos-_-images--2-_jpg.rf.8f22b49ea9c50efe97d226c49fe4790e.jpg,224,224,Dog-Leprosy,0,0,223,223
Closeup-face-of-dog-sick-leprosy-skin-problem_yythk--34-_jpg.rf.8fac5a5c6c3fc0049f940154348a5b17.jpg,224,224,Dog-Leprosy,0,0,223,223
Closeup-face-of-dog-sick-leprosy-skin-problem_yythk--Und_-selective-focus-stock-images--1-_jpg.rf.a452b8cb2c7483c7c1e71927d1eec52f.jpg,224,224,Dog-Leprosy,1,0,223,224
Closeup-the-disease-on-dog-skin_Dermatitis-in-Dog_s--leprosy-in-dog-stock-pictures_-royalty-free-photos-_-images--1-_jpg.rf.acd786050416b1950d92890265af0008.jpg,224,224,Dog-Leprosy,0,0,223,223
American-bully-dog-with-dermatitis-drinking-water-w--friendship-concept--leprosy-in-dog-stock-pictures_-royalty-free-photos-_-images--1-_jpg.rf.9dfb4d1c2d5b5ccb4bec1d32e9931c39.jpg,224,224,Dog-Leprosy,0,0,223,223
Closeup-legs-of-dog-sick-leprosy-skin-problem_yythk--1-_jpg.rf.a72dbe1b667b2ed868349fd0bf950b2e.jpg,224,224,Dog-Leprosy,0,0,223,223
an-open-dermatological-wound-in-an-animal-allergic-reaction-by-a-picture-id1299155992--1-_jpg.rf.95f79eca984b95de7a5fa2ad4a174212.jpg,224,224,Dog-Leprosy,0,0,223,223
Closeup-face-of-dog-sick-leprosy-skin-problem_yythk--14-_jpg.rf.ac62f9fc5a7ebd8a4d81812371fd098f.jpg,224,224,Dog-Leprosy,0,0,223,223
A-stray-dog-with-leprosy-on-skin-at-the_yyth--1-_jpg.rf.9b32c6d0aa7772133ee32aff7bb4304a.jpg,224,224,Dog-Leprosy,0,0,223,223
Closeup-face-of-dog-sick-leprosy-skin-problem_yythk--12-_jpg.rf.9641c296ccbbe9c9f866c332cda78615.jpg,224,224,Dog-Leprosy,0,0,223,223
Closeup-face-of-dog-sick-leprosy-skin-problem_yythk--Und_-selective-focus-stock-images--1-_jpg.rf.7d90050b682108834f932c7a6d26a782.jpg,224,224,Dog-Leprosy,0,0,223,223
Closeup-face-of-dog-sick-leprosy-skin-problem_yythk--34-_jpg.rf.98e276039332897079c06e859e3a76aa.jpg,224,224,Dog-Leprosy,0,0,223,223
Closeup-legs-of-dog-sick-leprosy-skin-problem_yythk--14-_jpg.rf.c22e119d60a2c87449627ab8154a0bee.jpg,224,224,Dog-Leprosy,0,0,223,223
Closeup-legs-of-dog-sick-leprosy-skin-problem_yythk--1-_jpg.rf.b3173090f3c583db713976a7e8109f5c.jpg,224,224,Dog-Leprosy,0,0,223,223
Dirty-stray-dog-is-a-skin-disease--leprosy-in-dog-stock-pictures_-royalty-free-photos-_-images--3-_jpg.rf.add042e0b30e359c70e0219d0b5a433b.jpg,224,224,Dog-Leprosy,0,0,223,223
99_jpg.rf.b79b316c3b4d4127f9f61629e2d390a4.jpg,224,224,Dog-Leprosy,0,0,223,223
Closeup-the-disease-on-dog-skin_Dermatitis-in-Dog_s--leprosy-in-dog-stock-pictures_-royalty-free-photos-_-images--1-_jpg.rf.ba89bb7c46c175ef7ff301b4f139d8e2.jpg,224,224,Dog-Leprosy,0,0,223,223
Closeup-face-of-dog-sick-leprosy-skin-problem_yythk--25-_jpg.rf.c29dd2eada238afc00238d3107dc5864.jpg,224,224,Dog-Leprosy,0,0,223,223
Close-up-of-legs-dog-has-an-leprosy-skin-pro--stock-images_jpg.rf.a75def4711c8262515e4782e9c4a1a84.jpg,224,224,Dog-Leprosy,0,0,223,223
an-open-dermatological-wound-in-an-animal-allergic-reaction-picture-id1299155172--1-_jpg.rf.bb8f82bf7649c54ecddfe25433178d5d.jpg,224,224,Dog-Leprosy,0,0,223,223
Closeup-top-view-dog-sick-leprosy-skin-problem_yyth--1-_jpg.rf.9e27617e3467824a2e7d0a450cfe233d.jpg,224,224,Dog-Leprosy,0,0,223,223
Closeup-dog-has-an-leprosy-skin-problem-on-t--royalty-free-stock-image_jpg.rf.c258adbe4f37b913aa750d2a76e1d435.jpg,224,224,Dog-Leprosy,0,0,223,223
Close-up-Leprosy-Skin-Disease-on-the-Back-of_yythkg--Close-up-Leprosy-Skin-Disease-on-the-Back-of-the-Dog-royalty-free-stock-images_jpg.rf.8ad8dc6c9d891b629221ce232a976b7f.jpg,224,224,Dog-Leprosy,0,0,223,223
4_jpg.rf.c2941d229098800043cef8d32ace5360.jpg,224,224,Dog-Leprosy,0,0,223,223
Closeup-face-of-dog-sick-leprosy-skin-problem_yythk--Und_-selective-focus-stock-images--1-_jpg.rf.e3b80c968e942882b7352672b8aea9ee.jpg,224,224,Dog-Leprosy,0,0,223,223
Closeup-face-of-dog-sick-leprosy-skin-problem_yythk--14-_jpg.rf.b56f0853bb14f8f415f118788d42be87.jpg,224,224,Dog-Leprosy,0,0,223,223
Asian-breed-dog-leprosy-in-dog-stock-pictur--15-_jpg.rf.bb449061f7116ef1a67bb9301544dcd8.jpg,224,224,Dog-Leprosy,1,1,223,223
Closeup-legs-of-dog-sick-leprosy-skin-problem_yythk--14-_jpg.rf.c8e3551e77baa9a6b04d3009aa20a4c0.jpg,224,224,Dog-Leprosy,1,0,223,224
an-open-dermatological-wound-in-an-animal-allergic-reaction-by-a-picture-id1299155992--1-_jpg.rf.b1c8fa46ab3230c9715e9da07000e6f6.jpg,224,224,Dog-Leprosy,0,0,223,223
Closeup-face-of-Dog-sick-leprosy-skin-problem_yythk--15-_jpg.rf.e3622fd376ec3f4b0541fa44a15ca7b2.jpg,224,224,Dog-Leprosy,0,0,223,223
Close-up-of-legs-dog-has-an-leprosy-skin-pro--leprosy-in-dog-stock-pictures_-royalty-free-photos-_-images--1-_jpg.rf.e7fa9bebb5675df2ba00e0b1d08a9765.jpg,224,224,Dog-Leprosy,0,0,223,223
Close-up-of-the-body-dog-has-an-leprosy-skin--leprosy-in-dog-stock-pictures_-royalty-free-photos-_-images--1-_jpg.rf.c7c60a30587fae4e1b7e3604449b1bd0.jpg,224,224,Dog-Leprosy,0,0,223,223
asian-breed-dog-picture-id988228774--1-_jpg.rf.dc63e072ede22e3258cb4168506eae2a.jpg,224,224,Dog-Leprosy,0,0,223,223
Closeup-dog-sick-leprosy-skin-problem--With-white-background-royalty-free-stock-image--1-_jpg.rf.ccbc912963c5d25189774cb341ccd82f.jpg,224,224,Dog-Leprosy,0,0,223,223
A-British-Bulldog-experiences-a-severe-allergic-rea--1-_jpg.rf.cd8d976feb1e9ecb5018571c4a21e879.jpg,224,224,Dog-Leprosy,0,0,223,223
Close-up-of-the-body-dog-has-an-leprosy-skin--leprosy-in-dog-stock-pictures_-royalty-free-photos-_-images--1-_jpg.rf.dc56522dfb74a3a2889af67d2b98b26b.jpg,224,224,Dog-Leprosy,0,0,223,223
asian-breed-dog-picture-id988228774--1-_jpg.rf.ec6127b5e3e8e158d736ea44c8b590f6.jpg,224,224,Dog-Leprosy,0,0,223,223
Closeup-dog-sick-leprosy-skin-problem--With-white-background-royalty-free-stock-image--1-_jpg.rf.cf1ca629ce4d09c95d50fc4af604e95e.jpg,224,224,Dog-Leprosy,0,0,223,223
Closeup-face-of-dog-sick-leprosy-skin-problem_yythk--11-_jpg.rf.e17dd3b27cdbbe9f3160b23830d9fc98.jpg,224,224,Dog-Leprosy,0,0,223,223
Close-up-Leprosy-Skin-Disease-on-the-Back-of_yythkg--Close-up-Leprosy-Skin-Disease-on-the-Back-of-the-Dog-stock-photography--1-_jpg.rf.e6b2e4f57ce0c45b6f005915d86b8849.jpg,224,224,Dog-Leprosy,0,0,223,223
Closeup-the-skin-and-dog-hir_this-show-the-D--leprosy-in-dog-stock-pictures_-royalty-free-photos-_-images--1-_jpg.rf.ebb71adb765e5169a572f886ccc18286.jpg,224,224,Dog-Leprosy,0,0,223,223
Closeup-the-disease-on-dog-skin_Dermatitis-in-Dog_s--leprosy-in-dog-stock-pictures_-royalty-free-photos-_-images--2-_jpg.rf.d04d7d5e0f60707209395fcb2cc0e2e3.jpg,224,224,Dog-Leprosy,0,0,223,223
Dirty-stray-dog-is-a-skin-disease--leprosy-in-dog-stock-pictures_-royalty-free-photos-_-images--3-_jpg.rf.c66abc61232e99d1cac24aefe4f29f5c.jpg,224,224,Dog-Leprosy,0,0,223,223
Close-up-of-the-body-dog-has-an-leprosy-skin--leprosy-in-dog-stock-pictures_-royalty-free-photos-_-images--1-_jpg.rf.ef37ae7ee24e6c13c18c80ae7fef47a6.jpg,224,224,Dog-Leprosy,0,0,223,223
Closeup-face-of-dog-sick-leprosy-skin-problem_yythk--12-_jpg.rf.f806f30aa40c41c9d95ad24c52f1e776.jpg,224,224,Dog-Leprosy,0,0,223,223
Closeup-face-of-dog-sick-leprosy-skin-problem_yythk--14-_jpg.rf.c33e6e4300a7ebf951ac579a3713fffd.jpg,224,224,Dog-Leprosy,0,0,223,223
Closeup-legs-of-dog-sick-leprosy-skin-problem_yythk--11-_jpg.rf.c7991110956f01eb7fa48ea0b75331bd.jpg,224,224,Dog-Leprosy,0,0,223,223
atopic-dermatitis-in-dogs-in-summer-open-purulent-wound-on-the-of-picture-id1299155286--1-_jpg.rf.d12b838f7c10aa12d600c4f8d8509df1.jpg,224,224,Dog-Leprosy,0,0,223,223
54_jpg.rf.f1ab7e80e3ee9dbde7baabc9d151651e.jpg,224,224,Dog-Leprosy,0,0,223,223
American-bully-dog-with-dermatitis-drinking-water-w--friendship-concept--leprosy-in-dog-stock-pictures_-royalty-free-photos-_-images--1-_jpg.rf.eb2c5969574d3cddd8fab5faa10e6835.jpg,224,224,Dog-Leprosy,0,0,223,223
asian-breed-dog-picture-id988228774--1-_jpg.rf.ed71dabe47302fa49cf8decdadb822e5.jpg,224,224,Dog-Leprosy,0,0,223,223
4_jpg.rf.f85fa6b89695e53bd60b3c52b155b13f.jpg,224,224,Dog-Leprosy,0,0,223,223
Dermatitis-in-dog_-skin-laminate-and-dog-hair_yythk--leprosy-in-dog-stock-pictures_-royalty-free-photos-_-images--1-_jpg.rf.eb0a9a7ca94d59d123af2d4043678b8c.jpg,224,224,Dog-Leprosy,0,0,223,223
98_jpg.rf.fc9d872df145684118fb75a9afc17314.jpg,224,224,Dog-Leprosy,0,0,223,223
Close-up-of-legs-dog-has-an-leprosy-skin-pro--leprosy-in-dog-stock-pictures_-royalty-free-photos-_-images--1-_jpg.rf.f0256351de77c587c0a760d2ad43159f.jpg,224,224,Dog-Leprosy,0,0,223,223
Asian-breed-dog-leprosy-in-dog-stock-pictur--13-_jpg.rf.f25ac2921b13ba109cae84095e5ce455.jpg,224,224,Dog-Leprosy,0,0,223,223
Closeup-legs-of-dog-sick-leprosy-skin-problem_yythk--1-_jpg.rf.fbb2fc98c3bb01dbd2cbcdf771caf11a.jpg,224,224,Dog-Leprosy,0,0,223,223
Asian-breed-dog-leprosy-in-dog-stock-pictur--10-_jpg.rf.f247ad8e5b325915ff7f97d1dec558ba.jpg,224,224,Dog-Leprosy,0,0,223,223
Dog-sick-leprosy-skin-problem-with-pregnant-on_yyth--Dog-sick-leprosy-skin-problem-with-pregnant-royalty-free-stock-images--1-_jpg.rf.feae18d749fb40399d9cd9b7126fb6df.jpg,224,224,Dog-Leprosy,0,0,223,223
Dirty-stray-dog-is-a-skin-disease--leprosy-in-dog-stock-pictures_-royalty-free-photos-_-images--1-_jpg.rf.fde624df3f3ca002019c33694bfd3c29.jpg,224,224,Dog-Leprosy,0,0,223,223
atopic-dermatitis-in-dogs-in-summer-open-purulent-wound-on-the-of-picture-id1299155286--1-_jpg.rf.f8995bc19d96b474a5b76dc676c9121a.jpg,224,224,Dog-Leprosy,0,0,223,223
Close-up-Leprosy-Skin-Disease-on-the-Back-of_yythkg--Close-up-Leprosy-Skin-Disease-on-the-Back-of-the-Dog-stock-photography--1-_jpg.rf.f0418fd92b1c4347c0c835d0f1f10164.jpg,224,224,Dog-Leprosy,0,0,223,223
A-stray-dog-with-leprosy-on-skin-at-the_yyth--1-_jpg.rf.ebdac6efe3f12cdf73a41a9c108a2070.jpg,224,224,Dog-Leprosy,0,0,223,223
Close-up-Leprosy-Skin-Disease-on-the-Back-of--Closeup-Leprosy-Skin-Disease-on-the-Back-of-the-Dog-stock-image--1-_jpg.rf.ff7a2645007eb28c3d9c5b07d5623e47.jpg,224,224,Dog-Leprosy,0,0,223,223