filename,width,height,class,xmin,ymin,xmax,ymax
27_jpg.rf.e0988091c74d6eb3220cbd4a6780964d.jpg,224,224,Ear-mites,0,0,223,224
77_jpg.rf.ddaef0524a7ad49b997657513858c289.jpg,224,224,Ear-mites,0,0,223,223
79_jpg.rf.e06333ad1fd0278615e9b435999f98ef.jpg,224,224,Ear-mites,0,0,223,218
6_jpg.rf.dc939b7146afd3c79a15710a07c44b97.jpg,224,224,Ear-mites,0,0,224,223
105_jpeg.rf.dc4c28070bed155c1659b4940d1206bf.jpg,224,224,Ear-mites,120,74,223,223
95_jpg.rf.de8374d5e20a3a2c9fdd0340a5ce7108.jpg,224,224,Ear-mites,27,0,223,221
100_jpg.rf.e3e2dd3e3798997e5308206c17ffd88a.jpg,224,224,Ear-mites,0,0,223,223
103_jpeg.rf.df7f5d07f78af5cca198a0545a79ec4d.jpg,224,224,Ear-mites,91,0,223,214
87_jpg.rf.dc95103bfa7a376960e5464f153fd860.jpg,224,224,Ear-mites,0,0,223,223
14_jpg.rf.dec4c86dbb2bcf293a12369a576bf712.jpg,224,224,Ear-mites,0,0,178,223
11_jpg.rf.e32ccaaa26c574778c2936253faba607.jpg,224,224,Ear-mites,1,0,109,96
16_jpg.rf.e0f363970797cf86eaf4936127ba5f08.jpg,224,224,Ear-mites,130,17,223,162
37_jpg.rf.e1f589c8ac91460b106e26c40f17d6ea.jpg,224,224,Ear-mites,0,0,223,190
43_jpg.rf.e3532f6d0ca1415bd47b565154ed2147.jpg,224,224,Ear-mites,0,0,176,166
13_jpg.rf.e07f1bbca56802ca4bfea0b3a0ac02e3.jpg,224,224,Ear-mites,62,4,224,223
35_jpg.rf.dfacaa0b2886b2ee6e041644ffb59dce.jpg,224,224,Ear-mites,0,0,220,141

26_jpg.rf.dc89e9b609e284b0f03a5ab88571ea3f.jpg,224,224,Ear-mites,137,10,223,218
27_jpg.rf.dd3e0242e92cc70fcab10fd6d6cda150.jpg,224,224,Ear-mites,0,0,223,224
11_jpg.rf.de1015ae9ec07a28005874e7b6e755a2.jpg,224,224,Ear-mites,0,0,212,223

7_jpg.rf.e09ce55fdc1b9d485341c0ed5534fe78.jpg,224,224,Ear-mites,116,8,210,29
38_png.rf.dcb8577f41660d6d7ff0fa9c7e6c2a26.jpg,224,224,Ear-mites,0,45,105,223
64_jpg.rf.deadb468eb9f601bce68b96de3614a64.jpg,224,224,Ear-mites,0,0,223,223
1_jpg.rf.e6c06ade643fc0206819a5f59e8c7942.jpg,224,224,Ear-mites,0,0,224,223
22_jpg.rf.e65b612425d47edf63ca62b44e575442.jpg,224,224,Ear-mites,0,0,223,157

24_png.rf.e969004eed46466a6bc3722e0ee90737.jpg,224,224,Ear-mites,66,5,223,81
16_jpg.rf.e522facda8f90d78611bbc1c12e77c23.jpg,224,224,Ear-mites,0,0,223,155
80_jpg.rf.e7428391a5ebdb017f05846dff9095db.jpg,224,224,Ear-mites,0,0,223,223

11_jpg.rf.e8d9b6c2e0a6c756a6ca92f7b4915c7f.jpg,224,224,Ear-mites,5,128,118,223
46_jpg.rf.de6d6b00a01501eafcd0e1db4ce8a3c5.jpg,224,224,Ear-mites,0,0,223,202
33_jpg.rf.ecb9e8c95f0c36054261d5eee6383a4b.jpg,224,224,Ear-mites,0,0,223,223
88_jpg.rf.ec9f7f51a082d3047a7c70380ce69ca4.jpg,224,224,Ear-mites,36,69,223,224
47_jpg.rf.ecc656744f79fdd97ecfa48f2bfaf471.jpg,224,224,Ear-mites,0,0,224,223
69_jpg.rf.ebf43b69b74a3b639e11eb495d395407.jpg,224,224,Ear-mites,0,0,223,223
13_jpg.rf.e6076bd31dfb3673a3d84860cbdbc2ce.jpg,224,224,Ear-mites,0,0,223,223
95_jpg.rf.e542282040e26a392c0d12d8ab626397.jpg,224,224,Ear-mites,0,99,213,223
99_jpg.rf.e99dde12dd71dec880c88817be1461d1.jpg,224,224,Ear-mites,0,0,214,223
11_jpg.rf.ed80372f0ce0d9a1498d000ace8eeaba.jpg,224,224,Ear-mites,107,0,223,93
107_jpg.rf.ea0d522a703560cc487d58a1f7629183.jpg,224,224,Ear-mites,0,0,224,223
79_jpg.rf.e539fed1fcd2a4d89fcc5a2a01423aae.jpg,224,224,Ear-mites,0,0,223,224
26_jpg.rf.eb8b8793b0d3cfa5b08b42b82e0aaf72.jpg,224,224,Ear-mites,15,123,223,223
79_jpg.rf.edb4ab0201c939a3bbf95debede05cc6.jpg,224,224,Ear-mites,0,0,182,75
107_jpg.rf.edc65f6b6d957ca0c16a875c99ef9d12.jpg,224,224,Ear-mites,0,0,223,223
79_jpg.rf.e79e51cd08321aa6cf51a117f50140a1.jpg,224,224,Ear-mites,138,17,222,217
11_jpg.rf.ef9adaa94b3911003d9fa7d98a901d03.jpg,224,224,Ear-mites,108,0,223,207
48_jpg.rf.eea8935450ec8a02f3a29fe1031accf1.jpg,224,224,Ear-mites,0,0,223,223
37_jpg.rf.edec6e2839152b788926991b2b411822.jpg,224,224,Ear-mites,0,0,223,194
17_jpg.rf.eddd06fafd7f7067adbabbb14da8ca53.jpg,224,224,Ear-mites,0,134,212,223
85_jpg.rf.ef93e0097202427b5edfd4244e55c03f.jpg,224,224,Ear-mites,0,0,223,223
79_jpg.rf.ee037f607924746f8a52d52b0115bd0b.jpg,224,224,Ear-mites,0,0,223,203
10_jpg.rf.f1f2910e4407f65711e0ab6510017d78.jpg,224,224,Ear-mites,36,0,223,137
70_jpg.rf.f12950b5b0806f28944346bb996ceb5f.jpg,224,224,Ear-mites,17,0,223,31
37_jpg.rf.efacdcd4160390d70d5f6d43e4add8e4.jpg,224,224,Ear-mites,0,0,220,98
103_jpeg.rf.f2e3a6a5efa7f0d771a1ed0a34b4177d.jpg,224,224,Ear-mites,0,0,223,224
13_jpg.rf.f2c6e934881de37580e78a47f63d80bc.jpg,224,224,Ear-mites,0,0,223,223
86_jpg.rf.f1eab3fe285fdc0a290fe4c056f853dc.jpg,224,224,Ear-mites,0,0,224,223
6_jpg.rf.f0fed8ecc71dba1c97341bbed9bfec35.jpg,224,224,Ear-mites,0,0,224,223
16_jpg.rf.ee55c0222c4b7afc0e48e310fb89638b.jpg,224,224,Ear-mites,93,140,223,223
1_jpg.rf.f2080a5b4dfa2d579cae635f0120e03e.jpg,224,224,Ear-mites,0,0,224,223
44_jpg.rf.edbdebf8d7967131535e6ce6eee239f6.jpg,224,224,Ear-mites,3,75,223,224
106_jpg.rf.f577a3ecd91fdb6588ec740d0ecdb59e.jpg,224,224,Ear-mites,0,0,198,223
23_jpg.rf.f48b3035f1e2f3c668ff481d38879941.jpg,224,224,Ear-mites,0,0,224,223
12_jpg.rf.f311a9d392b0ee5a17946ff4267d8530.jpg,224,224,Ear-mites,51,0,223,143
19_jpg.rf.f5d03ba4e52f9984238c659984d7772b.jpg,224,224,Ear-mites,0,0,167,223
106_jpg.rf.f214ed644f8a76e18d78d1d70bf36a2c.jpg,224,224,Ear-mites,0,0,223,223
18_jpg.rf.ee3386da28e0277298dea15c3677cbe6.jpg,224,224,Ear-mites,0,0,224,223
38_png.rf.f592271a9db0c371fcf1f2e39b8ca4be.jpg,224,224,Ear-mites,0,3,69,112
23_jpg.rf.f6d5a4d04d92388a7bf5735e8b959370.jpg,224,224,Ear-mites,0,0,135,223
37_jpg.rf.f4f825d55b4f287845e048798ffd0674.jpg,224,224,Ear-mites,15,141,214,223
46_jpg.rf.f628753392cb4fd33505ab03c2a4f69a.jpg,224,224,Ear-mites,0,0,191,223
74_jpg.rf.f6dbdb35eeab52cf30f908dcdf302204.jpg,224,224,Ear-mites,15,100,223,223
54_jpeg.rf.f76863fa3c8de43bd272b230e80da77e.jpg,224,224,Ear-mites,0,53,223,223
103_jpeg.rf.f64b71b3a8c9080fa842196b77abd514.jpg,224,224,Ear-mites,0,0,116,223

34_jpg.rf.f7637f8c0c8aa913a15d4e3e40737204.jpg,224,224,Ear-mites,0,0,223,223
95_jpg.rf.f54cfaa5382888ac315b612962fa03ed.jpg,224,224,Ear-mites,0,0,223,223
100_jpg.rf.f91999d7cf20f9134bcfc9e9978d6303.jpg,224,224,Ear-mites,0,0,223,223

31_jpg.rf.fa3af9dc7ab350d24c5b32ea7e10d838.jpg,224,224,Ear-mites,0,0,111,222
17_jpg.rf.fa8405ed0a284e49a6181cce39cdc8ec.jpg,224,224,Ear-mites,0,0,223,223
25_jpg.rf.f3c80718b1b645424388784e1f1a0fec.jpg,224,224,Ear-mites,81,56,223,223
25_jpg.rf.f843a1fc78fe1ddccd0fea1d2b01644c.jpg,224,224,Ear-mites,27,38,221,222
90_jpeg.rf.f9ef830a67cb417ac6a9c24ca0a9f478.jpg,224,224,Ear-mites,42,0,223,223

36_jpg.rf.fb66e8211007a7ca4aa4bbbb6e87410f.jpg,224,224,Ear-mites,2,93,116,223
69_jpg.rf.fa2f6b23d7a54ffe3b6149b86b1b024a.jpg,224,224,Ear-mites,0,0,223,224
90_jpeg.rf.f82ab752a55ac3e14834ae80d74ab827.jpg,224,224,Ear-mites,0,0,223,224
5_jpg.rf.fc02ab57d872a5dc195c1b56ea84bb75.jpg,224,224,Ear-mites,15,0,223,223
12_jpg.rf.fbe9c0a9ebc564dd9d6a7a68b476f668.jpg,224,224,Ear-mites,0,2,85,159
95_jpg.rf.fc88581a07dfd198aa5f618a090f4e82.jpg,224,224,Ear-mites,103,3,223,223
66_jpg.rf.fad8fa40e99e29f56fb17620f673fa4e.jpg,224,224,Ear-mites,0,0,223,224
25_jpg.rf.fc5b134802f9318028fbe0d25926e049.jpg,224,224,Ear-mites,0,31,221,223

69_jpg.rf.f800c7c9f871ae60e2827a56051fa840.jpg,224,224,Ear-mites,0,0,223,224
86_jpg.rf.fca10f4db197cac5fd1c5531f4ddcbe7.jpg,224,224,Ear-mites,0,0,223,223
1_jpg.rf.fce7395d0ecf71b8063d539cb8cf91c8.jpg,224,224,Ear-mites,0,0,224,223
90_jpeg.rf.f818155d580629f95f3548a2d11ada69.jpg,224,224,Ear-mites,0,0,224,223
90_jpeg.rf.fbbf201dc9bdf6bbbc7de322361e9b61.jpg,224,224,Ear-mites,0,0,223,181
48_jpg.rf.fcc2e8c4bce97d87637613c887ba9b5b.jpg,224,224,Ear-mites,0,0,223,223
87_jpg.rf.feb5975552fbdde0b5d99b9f90dce127.jpg,224,224,Ear-mites,0,0,223,223
106_jpg.rf.fecaeddfd2504ff8d571a378656b96cb.jpg,224,224,Ear-mites,1,77,223,223
43_jpg.rf.feb6af56a95ff5ac1ac2f5d57dc24e3b.jpg,224,224,Ear-mites,6,118,220,222
105_jpeg.rf.fe68c786a340e1f1eea49859c9e4b577.jpg,224,224,Ear-mites,2,0,208,116
25_jpg.rf.fca090ff04f75977c8d9b46834418a9b.jpg,224,224,Ear-mites,0,0,223,138
64_jpg.rf.fdb2da09132a41c1735c0b45bbd53e96.jpg,224,224,Ear-mites,0,0,223,223
23_jpg.rf.ffc75325d740d0570b82ed7d751ec661.jpg,224,224,Ear-mites,0,0,224,223
60_jpg.rf.fe07f3d0e9d3eeacb9677c767438ce4a.jpg,224,224,Ear-mites,0,0,223,224
31_jpg.rf.9118f91498ab00922348904b7e69b49b.jpg,224,224,Ear-mites,7,0,224,127
77_jpg.rf.901b04d65bb19e54d93472f7a7c8817c.jpg,224,224,Ear-mites,0,0,224,223
47_jpg.rf.8c922ea6eb156122407acc038313b553.jpg,224,224,Ear-mites,0,0,223,224
86_jpg.rf.8d0f0719e4db3316815dd7e1db362754.jpg,224,224,Ear-mites,0,0,224,223
74_jpg.rf.9064676e1057e87a0e1a014ed198ed8e.jpg,224,224,Ear-mites,0,0,223,223
27_jpg.rf.90f56534fb945f938231884f78c6805f.jpg,224,224,Ear-mites,0,0,223,187
48_jpg.rf.8bad4f1dc02b543ec1d9da12b5224ca1.jpg,224,224,Ear-mites,0,0,223,223
49_jpg.rf.8b49d8ac52c062dc8ba6dead58332201.jpg,224,224,Ear-mites,8,134,223,224
54_jpeg.rf.8c730cebacb7a2896edcf0d5b5ea6a89.jpg,224,224,Ear-mites,0,0,223,223
67_jpg.rf.8bf425100afd4b04c528fbafc6c62094.jpg,224,224,Ear-mites,0,0,223,223
67_jpg.rf.91cbb193b92e2fbfe8d54350aca1f1b6.jpg,224,224,Ear-mites,0,0,223,223

10_jpg.rf.8e96733650e4e1b42dafc5daf1ad668e.jpg,224,224,Ear-mites,46,0,224,130
71_jpg.rf.90cadfb107056216059fc3568eff912c.jpg,224,224,Ear-mites,0,0,223,133
86_jpg.rf.8fc88afc975bd665e1a2d6078fea61aa.jpg,224,224,Ear-mites,0,0,224,223
77_jpg.rf.8a640ce3d266b543da9630b33c6378cf.jpg,224,224,Ear-mites,0,0,224,223
66_jpg.rf.8bbaa62cfd4b300a116899565f11ddca.jpg,224,224,Ear-mites,0,0,223,224
36_jpg.rf.8b929f3cb1add4001ef28d0c7e5eb7ba.jpg,224,224,Ear-mites,0,85,189,223
85_jpg.rf.8aca3f82bdf0e8b9d2f07c3826a4d68c.jpg,224,224,Ear-mites,0,0,224,223
65_jpg.rf.917fed9e335e919542c4ba4cba9d77cd.jpg,224,224,Ear-mites,0,0,224,223
53_jpg.rf.8d8bd4932f360adf518c1928f5c1674b.jpg,224,224,Ear-mites,0,0,223,224
26_jpg.rf.9145725f1af4da59cc65f693c6ed7b04.jpg,224,224,Ear-mites,0,0,223,184
44_jpg.rf.8eb3d184e7d981968c9503967480d5b2.jpg,224,224,Ear-mites,0,0,223,223
44_jpg.rf.925701d8fba0afb1a2d0f3c9390e85b1.jpg,224,224,Ear-mites,0,0,223,224
18_jpg.rf.89e61481b1b8d0dd46d3cc9a6add528b.jpg,224,224,Ear-mites,0,0,223,223

26_jpg.rf.953d2bdaf9419c7e05bad209598a8b42.jpg,224,224,Ear-mites,4,0,224,110
87_jpg.rf.95547dccde6ce2a608ab307e1fdfd44c.jpg,224,224,Ear-mites,0,0,223,223
44_jpg.rf.95725007324bffec50415d12e7c6aeba.jpg,224,224,Ear-mites,0,0,168,223
36_jpg.rf.92de46510a23dba185f1cb34a0392c27.jpg,224,224,Ear-mites,0,0,196,112
66_jpg.rf.92827d8174f2e2354e21feb10a700ddb.jpg,224,224,Ear-mites,0,0,223,223
48_jpg.rf.95b63873af0384e8a6fa8f0e25e0ae1e.jpg,224,224,Ear-mites,0,0,223,223
103_jpeg.rf.969daeb7dadcd9f3ead348d26910879e.jpg,224,224,Ear-mites,0,0,223,224
24_png.rf.96c2304fb97bdd812bbcde2944f6b05b.jpg,224,224,Ear-mites,0,0,223,223
44_jpg.rf.97f24d5e7f57ab9b765f5b4a47189759.jpg,224,224,Ear-mites,4,75,223,223

43_jpg.rf.95f584207a30939470add8cc377948e1.jpg,224,224,Ear-mites,0,0,223,174
80_jpg.rf.986c0cab92df16d1afba308119da1432.jpg,224,224,Ear-mites,0,0,223,223
107_jpg.rf.92da85233a3d44e6d494c828ae1854e0.jpg,224,224,Ear-mites,18,0,223,222
31_jpg.rf.95dc034e2f43a3e3fb9b2e5cf0e06165.jpg,224,224,Ear-mites,184,2,223,88
27_jpg.rf.99827e05ecc7faaf20fb589a3994e9b7.jpg,224,224,Ear-mites,1,39,223,224
5_jpg.rf.9906e98e8834f2ebbdcc4e0a2d22e10f.jpg,224,224,Ear-mites,16,16,223,223
85_jpg.rf.985d6a9b0d6e55097834ac1f28eff0c1.jpg,224,224,Ear-mites,0,0,223,224

92_jpg.rf.96c86722f35fd0788d5a79c2ab76f8e7.jpg,224,224,Ear-mites,67,4,223,204
102_png.rf.9a182d51e0326ae081adbb891602251f.jpg,224,224,Ear-mites,0,0,223,191
6_jpg.rf.9a3ace37c5bd54ea4e4cb9d27274d13c.jpg,224,224,Ear-mites,123,6,224,223
64_jpg.rf.99599aa79a9e1f2d50210022ba33a149.jpg,224,224,Ear-mites,0,0,223,224
69_jpg.rf.9c5890f20427d1093e27f267f0842fe8.jpg,224,224,Ear-mites,0,0,223,223
17_jpg.rf.95a1fbf406940552d336304293336bdd.jpg,224,224,Ear-mites,0,0,223,224
103_jpeg.rf.975ec76393807c9607295b4da173c463.jpg,224,224,Ear-mites,0,0,116,223
80_jpg.rf.9ccb0e69ab4608a0d38f76d9611a1a76.jpg,224,224,Ear-mites,0,0,223,224
15_jpg.rf.92ff7dc40c1f340f0fb2c81c93b9596f.jpg,224,224,Ear-mites,63,0,223,123
16_jpg.rf.9d665a8de8e1f927cb8ec78131862d44.jpg,224,224,Ear-mites,0,0,223,223
53_jpg.rf.93cae1175971f983d1b1e6720a5b1147.jpg,224,224,Ear-mites,0,0,223,223
64_jpg.rf.9db6d355c1429bcf93094706c69919fe.jpg,224,224,Ear-mites,0,0,223,223
60_jpg.rf.9acb46d7db43a86b83955fcc9a83ac5f.jpg,224,224,Ear-mites,0,0,223,224
95_jpg.rf.9bfb6f313975248db5c704b2e13cf947.jpg,224,224,Ear-mites,28,111,211,221
39_jpg.rf.9be0f5e26352f9a9e6cb137d76a8203b.jpg,224,224,Ear-mites,7,0,203,50
18_jpg.rf.9ef7883bcbc8818f9134849ee7830fce.jpg,224,224,Ear-mites,0,0,224,223
77_jpg.rf.9ee80a3f37217c3da008e8c7c5046429.jpg,224,224,Ear-mites,0,0,223,223
65_jpg.rf.9f65a63a719ca50f9081cda16d38d30c.jpg,224,224,Ear-mites,0,0,223,223
47_jpg.rf.9d26ee5e73314a2addef11cce9e095a3.jpg,224,224,Ear-mites,0,0,223,224
49_jpg.rf.a067b60124095112187a1480f3f5821f.jpg,224,224,Ear-mites,153,2,223,223

86_jpg.rf.9dfe90be6fec6e1bc34f3f03887482f7.jpg,224,224,Ear-mites,0,0,224,223
69_jpg.rf.9c701580522d50499fdf400f7a55a6cc.jpg,224,224,Ear-mites,0,0,223,224
85_jpg.rf.a0a62250d0a8cc98ce16ca56cf42490a.jpg,224,224,Ear-mites,0,0,223,224
15_jpg.rf.9fd2167b82162f87a12d5ec13a29bfa3.jpg,224,224,Ear-mites,0,0,223,223

67_jpg.rf.a0041d4e9c8910075f839d51097bcafd.jpg,224,224,Ear-mites,0,0,223,223
78_jpg.rf.a22c2e6c0305bc7567649042e847ba04.jpg,224,224,Ear-mites,0,0,223,223
16_jpg.rf.9fcccdd14b986110fb8ef83b613ac0c7.jpg,224,224,Ear-mites,82,5,223,223

80_jpg.rf.a0d9115bdd3cb734c62a75ed12a57b0f.jpg,224,224,Ear-mites,0,0,223,223
37_jpg.rf.a0940f7b8257209664ad49c117d61860.jpg,224,224,Ear-mites,0,0,191,98
22_jpg.rf.a10484fc031367697a23a9e05cd16794.jpg,224,224,Ear-mites,42,0,222,222
100_jpg.rf.a29f3f202862618f7488f4ea7705cd2a.jpg,224,224,Ear-mites,2,0,223,222

95_jpg.rf.a3326240e68bc1c716e1e9b550a70db8.jpg,224,224,Ear-mites,0,0,182,223
6_jpg.rf.9fab1d7c182822bc8892b100c4713318.jpg,224,224,Ear-mites,138,7,223,222
25_jpg.rf.a2346bb2c8f12af168791ce87efd49a5.jpg,224,224,Ear-mites,1,30,194,223
60_jpg.rf.a10244ed5e424c96a09b4524e717407d.jpg,224,224,Ear-mites,0,0,223,223
74_jpg.rf.a393f34225a54ea03434c57ead783112.jpg,224,224,Ear-mites,0,0,223,224
11_jpg.rf.a32d14c3aa66c421f4554b9d70843973.jpg,224,224,Ear-mites,0,53,223,223
5_jpg.rf.a3e26210ea2366e35ea143024dafa5f7.jpg,224,224,Ear-mites,1,0,223,202
48_jpg.rf.9e02bb9e51eaf48e7380ed28657644c8.jpg,224,224,Ear-mites,0,0,223,223
64_jpg.rf.a658d0a655ec9ae551d7cd39741c593c.jpg,224,224,Ear-mites,0,0,223,224
1_jpg.rf.a6344fa32c32e46a71d0c31633232197.jpg,224,224,Ear-mites,0,0,224,223
60_jpg.rf.a436ee63e4b4f9a28b080c1f836c5559.jpg,224,224,Ear-mites,0,0,223,224
61_jpg.rf.a3b62b4256898b9193a7b900acfd3618.jpg,224,224,Ear-mites,0,0,223,223
64_jpg.rf.a478cf346354800f44777bbe5581d8ca.jpg,224,224,Ear-mites,0,0,223,223
17_jpg.rf.9f9cf1995af2d07a541751f7e64ec20b.jpg,224,224,Ear-mites,0,134,214,223
88_jpg.rf.a6fc1c722b6a7e1e101623af017dc9f7.jpg,224,224,Ear-mites,6,79,137,223
10_jpg.rf.a8dab97633d9f17f97fc346c359c9a6c.jpg,224,224,Ear-mites,0,0,167,152
1_jpg.rf.a3d2d63ed684b3ab73f8207ced45f48f.jpg,224,224,Ear-mites,0,0,224,223
77_jpg.rf.a9f9550d71ee1a05041228d3b25f1169.jpg,224,224,Ear-mites,0,0,223,223
103_jpeg.rf.a79043cd8a290041850842b3f1824b1d.jpg,224,224,Ear-mites,0,0,223,224
99_jpg.rf.a490ca41f743ce27db2b1dd7e3f69c19.jpg,224,224,Ear-mites,0,0,142,223
103_jpeg.rf.a83e2e5ad3437b0d79dcbce667186e04.jpg,224,224,Ear-mites,106,0,223,223
15_jpg.rf.a9423c1961c498cb46b0eba95f708deb.jpg,224,224,Ear-mites,0,0,223,223
27_jpg.rf.a5ac3e2ac1a800a6ea88cd621abf0007.jpg,224,224,Ear-mites,1,39,223,224
35_jpg.rf.a91b856804356a8529666c203c094d47.jpg,224,224,Ear-mites,112,40,223,219
34_jpg.rf.aa73f304ebc2143bb86f1e1d23427f2a.jpg,224,224,Ear-mites,0,0,223,223
12_jpg.rf.aa25675a72dd5eae5140623769d42901.jpg,224,224,Ear-mites,46,122,207,219
87_jpg.rf.ab46db0deeb1a903bb51f0ba4ead32e2.jpg,224,224,Ear-mites,0,0,223,223
66_jpg.rf.a7f5c6eec9610f4c8bc53ee5ce044f2e.jpg,224,224,Ear-mites,0,0,223,223
105_jpeg.rf.aa0b03bdd393162c57181f946862b9b9.jpg,224,224,Ear-mites,78,0,223,119
70_jpg.rf.a4faa5f181239e79e4b2d4cfe42aa9fc.jpg,224,224,Ear-mites,0,0,223,224
17_jpg.rf.a94e804bd186d7f52cc51b055a42fc3a.jpg,224,224,Ear-mites,0,0,224,223
103_jpeg.rf.ac3e77ed8f14a92deea91ca7cafa6e59.jpg,224,224,Ear-mites,0,0,223,223
102_png.rf.ac4f4e123d4e280b61a3f8eeb9f7c8bb.jpg,224,224,Ear-mites,0,0,223,200
53_jpg.rf.ad40d7bdbabba34c4a7c806c67552054.jpg,224,224,Ear-mites,0,0,223,224
25_jpg.rf.aa5e7d771c22c8418a7fe5234c900380.jpg,224,224,Ear-mites,2,76,223,224
92_jpg.rf.ad0b654e1e4fd40737ceec5752b125c3.jpg,224,224,Ear-mites,0,162,208,223
66_jpg.rf.ad39b9885be0020a2b1046ffee4b2141.jpg,224,224,Ear-mites,0,0,223,224
79_jpg.rf.abf6afe3b58bdc780c49f43d0679c8d4.jpg,224,224,Ear-mites,0,1,61,223
17_jpg.rf.ae07862acca55c200968fc2ad7cc0415.jpg,224,224,Ear-mites,8,107,223,224
23_jpg.rf.ae17cf5a4d5dd70a1b4a1329f3b0b531.jpg,224,224,Ear-mites,0,0,135,223
67_jpg.rf.ab845efb8562b6c151249b262d257cd6.jpg,224,224,Ear-mites,0,0,223,223
6_jpg.rf.ade6c2c9b94a5dcf56d1582601ee9424.jpg,224,224,Ear-mites,131,15,223,223
107_jpg.rf.ace2b0abe6cd68e34725b2a676f433c6.jpg,224,224,Ear-mites,18,0,223,222
33_jpg.rf.aeceac88ffed8b4e07ca1d243fee76e4.jpg,224,224,Ear-mites,0,0,223,223

77_jpg.rf.b3690862232f9c87d0a2302f1e39bfb9.jpg,224,224,Ear-mites,0,0,224,223
46_jpg.rf.ae1c87e1b7ebb9e39c8f77ad621ef490.jpg,224,224,Ear-mites,1,25,223,224
24_png.rf.af53cd325a2c63f2325ee59fc8b1d03d.jpg,224,224,Ear-mites,0,0,223,177
36_jpg.rf.b06efcbc46bccb17f3f9d482fa3a968e.jpg,224,224,Ear-mites,4,111,119,223
43_jpg.rf.ade558cfc43e7c4a35133480e65577e5.jpg,224,224,Ear-mites,3,54,191,223

14_jpg.rf.b21c9950618cebab2dd1c39d14b85447.jpg,224,224,Ear-mites,49,183,218,223
100_jpg.rf.b2e979a6107bec07b076dbe8d13804a0.jpg,224,224,Ear-mites,3,0,223,222
102_png.rf.ae4f5941ae81e750d73aec6da9885cdd.jpg,224,224,Ear-mites,0,0,223,203
22_jpg.rf.b3c8325d91e9fa6989ef3e0fd904e187.jpg,224,224,Ear-mites,0,200,131,223
36_jpg.rf.b219717946fcf66d7b01e891c62faa7a.jpg,224,224,Ear-mites,0,0,136,137
6_jpg.rf.afb9b6a7949d9c1dab77b964a474f10c.jpg,224,224,Ear-mites,138,7,223,222
90_jpeg.rf.b5d56851f61e788674074268e0247b21.jpg,224,224,Ear-mites,0,0,223,224
7_jpg.rf.b20047e8c9003ff0b5d99ca3a14ab76d.jpg,224,224,Ear-mites,2,53,87,223
87_jpg.rf.b6a5a1bc99d9070b169b80388943af6c.jpg,224,224,Ear-mites,0,0,223,223
44_jpg.rf.b6e1a7ad760ac47742ad94cb4cb34b10.jpg,224,224,Ear-mites,75,4,223,223

90_jpeg.rf.b78e6b68f984fa2b16daf60573f20148.jpg,224,224,Ear-mites,40,0,223,222
88_jpg.rf.b72615de873d2c64aa94a585b977126c.jpg,224,224,Ear-mites,103,7,223,153
78_jpg.rf.b52d51ae32c5afda03b18c8963fdfc0c.jpg,224,224,Ear-mites,16,0,223,223
36_jpg.rf.b7c2e246004b3baae9e876b973da69c4.jpg,224,224,Ear-mites,104,0,223,103
14_jpg.rf.b603b82e1c1c6dab6f169d45d9cdbc66.jpg,224,224,Ear-mites,0,0,169,223
1_jpg.rf.b9d60a103f8521344c1f9a5112723a0f.jpg,224,224,Ear-mites,0,0,223,223

26_jpg.rf.ad637d477c395cbba31a3a0f0b830089.jpg,224,224,Ear-mites,27,2,224,109
18_jpg.rf.b67ef276098314d8ec572ce3cc20ffe5.jpg,224,224,Ear-mites,0,0,223,224
5_jpg.rf.b6f218d413b1a524e21717aee3c3f26e.jpg,224,224,Ear-mites,0,1,204,223
86_jpg.rf.b88beec5b3f992971edd1ebbea4dab9d.jpg,224,224,Ear-mites,0,0,224,223
65_jpg.rf.b81362da152ef37fdfd339f9e2183614.jpg,224,224,Ear-mites,0,0,223,223
77_jpg.rf.b7f79686895fdd18a03b618ab4a502e0.jpg,224,224,Ear-mites,0,0,224,223
80_jpg.rf.b782c045372d356ec10e6aa17befb9cc.jpg,224,224,Ear-mites,0,0,223,223
27_jpg.rf.b1b4dbfcc88a2ab0f1ed49ca74543df5.jpg,224,224,Ear-mites,0,0,223,223
99_jpg.rf.bcb278152f0f9efb18a6d3b61356ef0e.jpg,224,224,Ear-mites,0,91,224,223
105_jpeg.rf.b96a4b9c74d6b573f252b75beecee0fd.jpg,224,224,Ear-mites,2,70,223,224

44_jpg.rf.bd8a3f1ecd5a997e58098380dcfce4e6.jpg,224,224,Ear-mites,0,0,223,224
49_jpg.rf.beaf2380c2d0060ef3ba464cd9b64499.jpg,224,224,Ear-mites,153,2,223,223
39_jpg.rf.bc1574f9d89f275a8af4d7fd0cdc6267.jpg,224,224,Ear-mites,74,27,222,223
66_jpg.rf.c0c2ad09d49f2a1c6ea3c3cd76472512.jpg,224,224,Ear-mites,0,0,223,224
15_jpg.rf.bc35c13ed66958ced2ef1166a1aaf717.jpg,224,224,Ear-mites,0,0,223,163
7_jpg.rf.bda9755bf8efb1f0f3b3e1c04c487332.jpg,224,224,Ear-mites,125,42,223,223
35_jpg.rf.bab6e8c3ddc26d4b791fca9cf76ab678.jpg,224,224,Ear-mites,0,40,223,224
49_jpg.rf.bd850e369441cae047f0ece6edaeb6b7.jpg,224,224,Ear-mites,143,3,223,222

61_jpg.rf.c32ed1bbfcde0a21b94c95de453528c1.jpg,224,224,Ear-mites,0,0,223,223
103_jpeg.rf.bf83e064662c55f032d457c05dd989d1.jpg,224,224,Ear-mites,0,0,223,224
60_jpg.rf.c0bb12f0bbdbde88eccb8c51c5579ba6.jpg,224,224,Ear-mites,0,0,223,224
87_jpg.rf.c02b5259c8d38c9a693dfd6ff64f4b5a.jpg,224,224,Ear-mites,0,0,223,223
70_jpg.rf.c3fb16134249eaf421e4012eaa821bd1.jpg,224,224,Ear-mites,17,0,184,22
7_jpg.rf.c45d52fba676b4ebd40129186f9c0252.jpg,224,224,Ear-mites,129,51,223,223
77_jpg.rf.c2954c3fcbad8845e9f8bc6f643957c0.jpg,224,224,Ear-mites,0,0,224,223
34_jpg.rf.c077418a200da7163f1bb4daddb23fc8.jpg,224,224,Ear-mites,0,0,223,223
5_jpg.rf.c38619dbe3d877e38d3ca9987ba5ab7f.jpg,224,224,Ear-mites,1,15,215,223
34_jpg.rf.ba807cfded942fe71b579de709b21181.jpg,224,224,Ear-mites,0,0,223,223
24_png.rf.c52d093159624386dfb3843beeda46b6.jpg,224,224,Ear-mites,184,3,223,176
7_jpg.rf.c63a5c43df76990bad43b8fad48e312b.jpg,224,224,Ear-mites,3,0,72,13
37_jpg.rf.c66fc3e63c2b3004318fe98a98a81fca.jpg,224,224,Ear-mites,15,129,212,223
1_jpg.rf.c422bec78feadedaa76cfbe519cff268.jpg,224,224,Ear-mites,0,0,224,223
26_jpg.rf.c6e5db095b1b297271d950f621070b3e.jpg,224,224,Ear-mites,1,15,185,223
18_jpg.rf.c4cb958a9dd63ae15804d9e7fd395e29.jpg,224,224,Ear-mites,0,0,223,223
102_png.rf.c511df29e14e47e08f57fad1b47739e5.jpg,224,224,Ear-mites,3,55,223,223
70_jpg.rf.be7ba98d7632e09a0310614ace3ebc86.jpg,224,224,Ear-mites,0,0,223,223
53_jpg.rf.c748e65053414ac56d194d9b8be7f1e4.jpg,224,224,Ear-mites,0,0,223,223
46_jpg.rf.c611577c53cb3466474edf93b5c6f009.jpg,224,224,Ear-mites,26,1,223,223

85_jpg.rf.c6f2d1cd70486cf3b3bcf2c92c1b2b59.jpg,224,224,Ear-mites,0,0,224,223
34_jpg.rf.ca1632699fc8cda7955089620fdd4b6c.jpg,224,224,Ear-mites,0,0,223,223
79_jpg.rf.c73aaa1156113991b44b905b6ca1c8f7.jpg,224,224,Ear-mites,0,0,223,224
19_jpg.rf.c8b2bd9d20a5a98fd086060fbcf7b2c2.jpg,224,224,Ear-mites,0,0,223,221
26_jpg.rf.c98b09395ca3054a57c4671c76488dcc.jpg,224,224,Ear-mites,12,52,223,223
100_jpg.rf.c519273e1be52bc2a294139c801ebf1b.jpg,224,224,Ear-mites,32,2,223,223
27_jpg.rf.ca94532b6ad6303527202dd2c160a3bc.jpg,224,224,Ear-mites,0,0,223,223
13_jpg.rf.cb5d51fceca456c53419860078d3a652.jpg,224,224,Ear-mites,0,0,223,166
64_jpg.rf.c753a555e9a431b062e1776a2dc357eb.jpg,224,224,Ear-mites,0,0,223,223
18_jpg.rf.cb67ff4cc6702cb1ee612f024c56c46d.jpg,224,224,Ear-mites,0,0,223,223
46_jpg.rf.cc2bf0bf1e41262394c62b85fe28b56a.jpg,224,224,Ear-mites,1,14,223,223
17_jpg.rf.c9cd2a161fb33ff828a3cf7ec697d1e3.jpg,224,224,Ear-mites,0,0,223,224
71_jpg.rf.c78244088814b037ac02a9a9a61622f3.jpg,224,224,Ear-mites,34,74,223,222
7_jpg.rf.cc74643e1ed71db9e84a08718da833a2.jpg,224,224,Ear-mites,2,56,95,223
7_jpg.rf.cbcb987b6ace223a71bc49869691fbc1.jpg,224,224,Ear-mites,0,44,67,221
1_jpg.rf.c7be3590e3fadc9781063eccb66243aa.jpg,224,224,Ear-mites,0,0,224,223
7_jpg.rf.ccd8b9594f64ce3c934162e623194d3f.jpg,224,224,Ear-mites,112,45,219,220
88_jpg.rf.cc44eb72756fea7cb2e9109edb5d8f72.jpg,224,224,Ear-mites,0,103,163,223
71_jpg.rf.cba5b63d4cd876621f9c0cf8068f37d9.jpg,224,224,Ear-mites,0,0,207,223
78_jpg.rf.cd7d7702c624e81ecd6cb8deeac3d996.jpg,224,224,Ear-mites,0,0,223,223
67_jpg.rf.cbb100485c2fec6ee6563130ecdd6058.jpg,224,224,Ear-mites,0,0,223,223
49_jpg.rf.cd3b1845efbad7de21eefab8fb9e276b.jpg,224,224,Ear-mites,8,133,223,224
95_jpg.rf.cccd545d0edc2ede61e9fa62447c5272.jpg,224,224,Ear-mites,0,0,224,223
24_png.rf.cce9680918d5bd9fdb4316c00d7c6ccb.jpg,224,224,Ear-mites,0,0,224,223
54_jpeg.rf.cdf7e7ca0b2ee58a145356621343fd7e.jpg,224,224,Ear-mites,1,51,223,223
26_jpg.rf.cd969a87bf796e29eb6d7aebda086066.jpg,224,224,Ear-mites,0,0,186,223
54_jpeg.rf.caeee0d050edb29923b7aabba9ddb919.jpg,224,224,Ear-mites,0,53,223,223
99_jpg.rf.cdefb5425677c0006ce01ddec76a2422.jpg,224,224,Ear-mites,0,0,143,223
88_jpg.rf.d086e0337930d77a8fea9f98fe23a9d9.jpg,224,224,Ear-mites,0,60,192,223
35_jpg.rf.cda26d4b7046222a6cd897b62e9d37e0.jpg,224,224,Ear-mites,106,46,222,223
5_jpg.rf.d0c181df45094fac6e0638c13017d67d.jpg,224,224,Ear-mites,0,0,223,223

16_jpg.rf.d0c72553382839686477704dc720b64a.jpg,224,224,Ear-mites,105,16,223,223
85_jpg.rf.d09d407a347b31505ecc92b42b88f5b3.jpg,224,224,Ear-mites,0,6,223,223
19_jpg.rf.d1f7f8924b30c7ac712deacadbb8409a.jpg,224,224,Ear-mites,0,0,223,223
86_jpg.rf.cf80dd608d090e34d6d570f63537b601.jpg,224,224,Ear-mites,0,0,224,223
106_jpg.rf.d2400d92c639a2c6ce6aa4eb67b27a99.jpg,224,224,Ear-mites,81,0,223,219
10_jpg.rf.d22483716c3a9e40585b917a18dae6d1.jpg,224,224,Ear-mites,57,94,222,222
65_jpg.rf.d4a080183eb825b742f46179d2bbc954.jpg,224,224,Ear-mites,0,0,224,223

48_jpg.rf.d50a6888067b4aa70e0e61d952d942a8.jpg,224,224,Ear-mites,0,0,224,223
35_jpg.rf.d5c79ede340f1923e2e03f34983bf1f8.jpg,224,224,Ear-mites,84,0,223,220
61_jpg.rf.d7f0265a334ea4652c621b545554c672.jpg,224,224,Ear-mites,0,0,223,223
70_jpg.rf.d341317f596c4ab7f27defd55a4ae36f.jpg,224,224,Ear-mites,51,201,215,220
61_jpg.rf.d9e7445ee2f3eca7508e089aa476c58b.jpg,224,224,Ear-mites,0,0,223,223
14_jpg.rf.d805124c9e793803e9042c366aa37cd7.jpg,224,224,Ear-mites,0,182,154,223
65_jpg.rf.d8a3ff3c41099aca30a0a7376ee5a058.jpg,224,224,Ear-mites,0,0,224,223
11_jpg.rf.d99bd9339daec62c826925cba0ef8e61.jpg,224,224,Ear-mites,1,0,223,105
13_jpg.rf.d7bf47e1a8f098f33c7c2897330a5923.jpg,224,224,Ear-mites,0,0,224,223
38_png.rf.d2829ad3d12bd676083b2593ee962f7f.jpg,224,224,Ear-mites,40,0,223,111
44_jpg.rf.d99835693c17f1d68c046717e4bc2a81.jpg,224,224,Ear-mites,75,5,223,223
14_jpg.rf.dbb4c6e61e908e18d4a660a9403cd477.jpg,224,224,Ear-mites,47,0,223,223
23_jpg.rf.d92889f7b9c4c20d1deebe9445861867.jpg,224,224,Ear-mites,0,0,223,223
7_jpg.rf.da65e1dda980c97369f8fabf6d8ffd58.jpg,224,224,Ear-mites,0,7,56,35
1_jpg.rf.d8d6b07d333cf75a90a4e9b13920bd97.jpg,224,224,Ear-mites,0,0,223,223
77_jpg.rf.d877d753537f996060e786d3f3fa4e36.jpg,224,224,Ear-mites,0,0,223,223
106_jpg.rf.da308eb6528e6e20db5f85d370555b0a.jpg,224,224,Ear-mites,0,25,223,224
16_jpg.rf.d853ad66a259bb0606559b2fb423896d.jpg,224,224,Ear-mites,0,0,223,223
78_jpg.rf.d586d3b85bf9a3c6598d2cc4927e563f.jpg,224,224,Ear-mites,0,0,223,223
35_jpg.rf.dbefa3da0a4b0a9ffe1ab8c57430046c.jpg,224,224,Ear-mites,102,0,221,113
92_jpg.rf.ac7178c9145803d45505ff6abc4f58b6.jpg,224,224,Ear-mites,0,8,221,223
99_jpg.rf.3b3778bc47ccede3e78d716ffdf6a56f.jpg,224,224,Ear-mites,86,0,223,222
47_jpg.rf.3d227287020db2490de5bb21be4c79fb.jpg,224,224,Ear-mites,121,0,223,222
34_jpg.rf.360858669b942a9001cdc4c963b6a80f.jpg,224,224,Ear-mites,0,0,223,223
74_jpg.rf.391af99b4e1cd1dc199265762a8c7d4f.jpg,224,224,Ear-mites,0,0,215,223
22_jpg.rf.3b8700204ec75a378f43363d744748b0.jpg,224,224,Ear-mites,0,0,139,223
39_jpg.rf.3c032a06159a0f2bbf31c708cb6b1435.jpg,224,224,Ear-mites,0,35,41,223
33_jpg.rf.343653a3e92fdbca823d47ef66ddee94.jpg,224,224,Ear-mites,0,0,224,223
64_jpg.rf.333774021382ae8b8184afd55119d61a.jpg,224,224,Ear-mites,0,0,223,224
16_jpg.rf.37ce5d6b967f4028f9e5c85f9c5903b2.jpg,224,224,Ear-mites,1,0,106,127
79_jpg.rf.352ca3967a3d9977fe14494d69c095d9.jpg,224,224,Ear-mites,0,0,212,75

70_jpg.rf.3dce706a7f10be7fa3899366afb826f7.jpg,224,224,Ear-mites,53,0,223,222
35_jpg.rf.360e8115d7d8320099881a41027562d6.jpg,224,224,Ear-mites,0,0,187,223
47_jpg.rf.3c22ac7b1e12e2b23ccc077857f5a159.jpg,224,224,Ear-mites,0,2,103,223

106_jpg.rf.3b627d6b86eded948af6a7e9e9ecfbb2.jpg,224,224,Ear-mites,0,0,223,223
105_jpeg.rf.33a0b402dde9c713f7eff6937502f419.jpg,224,224,Ear-mites,102,44,221,215
99_jpg.rf.3ad234dbb908365dfe6423f3cfbe23f0.jpg,224,224,Ear-mites,86,0,223,222
86_jpg.rf.3959f697db69e5ffc19ca3f637d246d9.jpg,224,224,Ear-mites,0,0,223,223
1_jpg.rf.4152853490a1b068c6a08b9afc9c51f0.jpg,224,224,Ear-mites,0,0,224,223

37_jpg.rf.3f60b97a14fb15f884614be0cbb9f54f.jpg,224,224,Ear-mites,13,1,223,188
1_jpg.rf.40b157fb5caaf2be22ccee296455e4a8.jpg,224,224,Ear-mites,0,0,223,223
37_jpg.rf.34b58189f38a36de0d3fcd6f5e0f7884.jpg,224,224,Ear-mites,0,130,212,223
80_jpg.rf.3fc4412e5901aef54f2b8cf66310571f.jpg,224,224,Ear-mites,0,0,223,223
79_jpg.rf.41488d5ff4830edf8d4350b3c1d0b7db.jpg,224,224,Ear-mites,130,16,222,222
24_png.rf.374283c961068968ad5976495b7ace22.jpg,224,224,Ear-mites,11,1,224,223
107_jpg.rf.3a0e6e90d9dc0bbf9ab2c7a1fe4bf906.jpg,224,224,Ear-mites,0,0,204,223
85_jpg.rf.40b3a13c21cf60cd1ff908501012395f.jpg,224,224,Ear-mites,0,0,223,224
106_jpg.rf.32588b2fa7fc5431bf497206c344a4df.jpg,224,224,Ear-mites,0,0,155,223
47_jpg.rf.416cf5889a2334830789d82c9ca22758.jpg,224,224,Ear-mites,0,0,223,224
88_jpg.rf.39281cefcb686281d531e07b29a0a2f2.jpg,224,224,Ear-mites,63,0,223,192
78_jpg.rf.416daec8cc8354a8ade8954eadde22ff.jpg,224,224,Ear-mites,16,17,223,223
71_jpg.rf.400ced56e6fd2245c98ec1525cc69c73.jpg,224,224,Ear-mites,0,74,214,223
53_jpg.rf.4197a187dd474139cc4217f962c74416.jpg,224,224,Ear-mites,0,0,223,223
35_jpg.rf.429070a5ed17941d83d2cd1854f4dd11.jpg,224,224,Ear-mites,100,4,219,122
107_jpg.rf.45e4f8d03262f236157719d53ed2c5c4.jpg,224,224,Ear-mites,0,0,223,223
11_jpg.rf.42d558b7ee1a1c0220027d7fec7993f3.jpg,224,224,Ear-mites,0,0,111,176

22_jpg.rf.44707f4fabfc35aa3f9c62efad84bb4b.jpg,224,224,Ear-mites,0,0,191,223
78_jpg.rf.41dd8753e248cd1824816f943406d0d8.jpg,224,224,Ear-mites,1,0,223,223

19_jpg.rf.41cda48e4cc466bdd68ff89fbfcb9082.jpg,224,224,Ear-mites,3,111,162,223
77_jpg.rf.445e738f049b2a226a3e84b49369e95f.jpg,224,224,Ear-mites,0,0,224,223

13_jpg.rf.48217c39b70eb8e074dc0a6316b35b15.jpg,224,224,Ear-mites,0,0,223,224
99_jpg.rf.46f34468f1524c19d53e85c70ab040f4.jpg,224,224,Ear-mites,0,91,224,223
24_png.rf.462d7519d6d1b746f975fdd3797aa00e.jpg,224,224,Ear-mites,0,0,46,167
19_jpg.rf.48d324e9ae783cd745379aeb1372991e.jpg,224,224,Ear-mites,0,91,215,223
67_jpg.rf.3d317d4a1bedc39ffd14de99af2a4862.jpg,224,224,Ear-mites,0,0,223,223
48_jpg.rf.45de14e9f675bbc0ae5fef3f692ed5e6.jpg,224,224,Ear-mites,0,8,223,223
35_jpg.rf.44858fa6a3d474682877e7073362f4be.jpg,224,224,Ear-mites,84,112,217,220
15_jpg.rf.41899e27a140527c75c13cb9e73b5a7a.jpg,224,224,Ear-mites,0,0,223,124
90_jpeg.rf.452864b424c751384b062a756dfc4dcb.jpg,224,224,Ear-mites,0,0,224,223
16_jpg.rf.475200c68abf0882c57bc14b42fec3e8.jpg,224,224,Ear-mites,0,0,223,163
101_jpg.rf.47a7b4bc3f50c71a72935ede998edb7c.jpg,224,224,Ear-mites,0,12,79,223
107_jpg.rf.4c0419688d435e5b98c5016dc1e77f8b.jpg,224,224,Ear-mites,24,0,223,221

90_jpeg.rf.477c74799e901991bc74f3dfe53682cb.jpg,224,224,Ear-mites,0,0,223,223
105_jpeg.rf.4976417fabef0e39d506f680c402a31d.jpg,224,224,Ear-mites,118,0,223,191
6_jpg.rf.4c3423ca08244182182dd09342a08d44.jpg,224,224,Ear-mites,0,0,223,224
61_jpg.rf.4b80314309079a48a9e523cd0d56769f.jpg,224,224,Ear-mites,0,0,223,223
44_jpg.rf.4c90bed0be22bc173fdf54337784dea4.jpg,224,224,Ear-mites,0,0,223,224
66_jpg.rf.49a96f3bd9a4ab6fba98f69a6daefe1f.jpg,224,224,Ear-mites,0,0,223,223
23_jpg.rf.4e8601cde5325a7800d44b58b2cf25fe.jpg,224,224,Ear-mites,89,0,223,221
38_png.rf.4df7d2fd97297a9e2c66e6ecd671d4ec.jpg,224,224,Ear-mites,1,0,106,70
53_jpg.rf.4d9232bc2dc57d80fcba065d98fb9574.jpg,224,224,Ear-mites,0,0,223,224
33_jpg.rf.4a017754309dcb2dbe5703b7a761acbf.jpg,224,224,Ear-mites,0,0,212,223
19_jpg.rf.4e857f6af075d54f5743da45847ca5e8.jpg,224,224,Ear-mites,0,0,223,223
64_jpg.rf.4c9eadcbae99a0e8fcfc49d8d1e5a6ed.jpg,224,224,Ear-mites,0,0,223,224
23_jpg.rf.4b2cdca713fa6205a9d85a4fa1e8c6be.jpg,224,224,Ear-mites,0,0,150,223
11_jpg.rf.51c6159c980bad9aed20a7d0e97b2338.jpg,224,224,Ear-mites,0,0,223,176
35_jpg.rf.51e9f4c95b9c0100ce46a41903f1e760.jpg,224,224,Ear-mites,0,42,222,223
33_jpg.rf.4de3f1dadc0de93672ad57d9f8988eb5.jpg,224,224,Ear-mites,0,0,212,223
15_jpg.rf.4ce87126b7d7410ebe81aa280e7010ff.jpg,224,224,Ear-mites,43,2,223,148
100_jpg.rf.50d35485653d01c61a441c641519678c.jpg,224,224,Ear-mites,0,0,223,181

71_jpg.rf.56774cc7f75bc46c9d8e71e66533a1b2.jpg,224,224,Ear-mites,0,66,216,223
64_jpg.rf.56386e6ee9947be00d4ba491f7cd19d9.jpg,224,224,Ear-mites,0,0,223,223
16_jpg.rf.50067070a4769efa7dd80fb3efeb3461.jpg,224,224,Ear-mites,9,119,223,223
85_jpg.rf.55c4e25dbe23f46c4cc8d5bf694174df.jpg,224,224,Ear-mites,0,0,224,223
100_jpg.rf.4f87933a0aceaa7b9d32ff55347f9859.jpg,224,224,Ear-mites,31,2,223,223
7_jpg.rf.459cd62c5c3da3ddac93221c91ab17e8.jpg,224,224,Ear-mites,133,0,223,17
106_jpg.rf.52f96435975ed80b55b96e8c3378f91f.jpg,224,224,Ear-mites,1,77,184,223
39_jpg.rf.54ceec6ea22acaaa2e572c73463227ba.jpg,224,224,Ear-mites,0,21,43,219
65_jpg.rf.5456eb4ab34edc9d97440f66a1462127.jpg,224,224,Ear-mites,0,0,223,224
24_png.rf.4ee2479501ebacdde07ddbe3b6bf2ba7.jpg,224,224,Ear-mites,15,1,223,82
15_jpg.rf.507849a11a5a0818e04dbe34e848872a.jpg,224,224,Ear-mites,0,0,141,223
47_jpg.rf.56ee01ef355486fd42f88c749605a203.jpg,224,224,Ear-mites,3,0,223,112

92_jpg.rf.5738faf89baa120eb5cb6896c7388f01.jpg,224,224,Ear-mites,90,0,223,65
19_jpg.rf.564f305e52857916d715e59c89e1a754.jpg,224,224,Ear-mites,101,0,223,219
106_jpg.rf.575cf8b66d0e35ec1d928a7e8b642ae4.jpg,224,224,Ear-mites,0,0,223,224

27_jpg.rf.57ec72c33125166283eff65859ccc089.jpg,224,224,Ear-mites,0,0,223,223
49_jpg.rf.57ab64c94b7096912bcb3b244efcc1cf.jpg,224,224,Ear-mites,0,0,223,223
46_jpg.rf.5815bc87497ff234abbfabc9b39d206e.jpg,224,224,Ear-mites,0,0,223,183

105_jpeg.rf.53a53bf03b0b9d9d12d2c8dfc8a458ed.jpg,224,224,Ear-mites,84,0,223,181
107_jpg.rf.5b5b1e6b8b29a5359c5d2d0f0d4ddfa1.jpg,224,224,Ear-mites,1,0,223,223
101_jpg.rf.58079459225fde6c5282ac9956873958.jpg,224,224,Ear-mites,38,3,224,223
46_jpg.rf.5ac886059157fb352848ffe862e1978a.jpg,224,224,Ear-mites,0,0,223,202
85_jpg.rf.5ae3420a37143221ed5dabfac0a87a68.jpg,224,224,Ear-mites,0,6,223,223
15_jpg.rf.5b58057eb2789dcf5c53aedb7019e433.jpg,224,224,Ear-mites,0,36,223,223
101_jpg.rf.5a8ecd6f8387ff16856875e01b7e507d.jpg,224,224,Ear-mites,69,0,223,207
61_jpg.rf.58c71703521db4c880808c2aa899618c.jpg,224,224,Ear-mites,0,0,223,223
13_jpg.rf.59276fb078018aa78b2b0b85d7d2cf18.jpg,224,224,Ear-mites,0,0,223,224
13_jpg.rf.592494d5b9ded92d0a9f968bfc243f65.jpg,224,224,Ear-mites,0,0,224,223
70_jpg.rf.57f5e5a6c73437d206580aa2216be3af.jpg,224,224,Ear-mites,0,0,202,223
22_jpg.rf.5e8711917f722870e403aee4a2a3a6a8.jpg,224,224,Ear-mites,42,201,214,222
66_jpg.rf.587a66a7d8632424294406a6b9fd3ec2.jpg,224,224,Ear-mites,0,0,223,223
88_jpg.rf.5c5df5dc001edb4988aae9825f3cc1f5.jpg,224,224,Ear-mites,0,0,122,134
99_jpg.rf.59b062efe9166f9191aa534b65d16461.jpg,224,224,Ear-mites,0,0,224,223
23_jpg.rf.5c91e1c41eee2fc68e266ff9902dfa66.jpg,224,224,Ear-mites,88,0,223,222
90_jpeg.rf.5e25d820d4bca36e27a0f7009b3c5ec9.jpg,224,224,Ear-mites,43,0,223,223
80_jpg.rf.5f1ae720c07edb6d22ab403922655798.jpg,224,224,Ear-mites,0,0,223,223
46_jpg.rf.57ec2f920d917229ae6e922823992d5c.jpg,224,224,Ear-mites,0,0,191,223

95_jpg.rf.5f68332b00a0a6011125b76f2466393e.jpg,224,224,Ear-mites,0,39,223,223
47_jpg.rf.5c5f3b376d63a5dabc17dee11b3b6843.jpg,224,224,Ear-mites,121,0,223,222
27_jpg.rf.61fc30e807cba36c17392311eb2a0cf0.jpg,224,224,Ear-mites,50,0,223,222
51_jpg.rf.4f1b320fe2932994e7680e96d9e7f97b.jpg,224,224,Ear-mites,9,0,223,71
90_jpeg.rf.5b49a57827419e1d1e2e00a717b0b528.jpg,224,224,Ear-mites,0,0,223,223
92_jpg.rf.62971e4af3a035219a77ad1b3e1fc0d5.jpg,224,224,Ear-mites,0,0,161,200
22_jpg.rf.626ba3e115d21ba72d6219a5624148d8.jpg,224,224,Ear-mites,2,31,223,223
14_jpg.rf.63823d141e99855a15ab275e3d9aa1d6.jpg,224,224,Ear-mites,10,176,177,223



88_jpg.rf.618d3e80821fd2649655ededa0b0ceea.jpg,224,224,Ear-mites,23,0,223,134
74_jpg.rf.63f059edca3b859e14255704f8e799d8.jpg,224,224,Ear-mites,0,0,111,223
69_jpg.rf.648392c480f74fefe0d91f641b9e6049.jpg,224,224,Ear-mites,0,0,223,224
80_jpg.rf.6209ea048ed8bf1fb95e0322739ac3cb.jpg,224,224,Ear-mites,0,0,223,224
24_png.rf.600cc6917fbbea6d728d6cd7b6788e6b.jpg,224,224,Ear-mites,183,3,223,223
65_jpg.rf.62a7247a573c1518c3ebe200a8b11225.jpg,224,224,Ear-mites,0,0,223,224
69_jpg.rf.65d61b3a0e6456b4be4d03bd9e733074.jpg,224,224,Ear-mites,0,0,223,224
54_jpeg.rf.63a97a0ea7031e87593ea33025155c82.jpg,224,224,Ear-mites,0,0,175,223
12_jpg.rf.6515f2d626837a30feac3f5e964d29a9.jpg,224,224,Ear-mites,2,66,154,223
101_jpg.rf.65b32efe376190123cd00769557a1dee.jpg,224,224,Ear-mites,0,0,75,211
53_jpg.rf.6563b4d8abaf9bca97df49647ad10310.jpg,224,224,Ear-mites,0,0,223,223
67_jpg.rf.672cf49376db726133d2121a01e5d312.jpg,224,224,Ear-mites,0,0,223,224
90_jpeg.rf.6839942a7e33411eedc1051077f60777.jpg,224,224,Ear-mites,0,0,223,182
74_jpg.rf.691baf04704b947cd81cdfdd98a90bf2.jpg,224,224,Ear-mites,0,0,205,106
54_jpeg.rf.6820ae04f13e721aad1401a17d686865.jpg,224,224,Ear-mites,1,51,223,223
106_jpg.rf.66d2bb172b266d2b0b09efd6c078137a.jpg,224,224,Ear-mites,0,0,155,178
17_jpg.rf.6a519b3e28855c774cfcb606c853dc59.jpg,224,224,Ear-mites,0,0,224,223
101_jpg.rf.66a1fecb78185290e158f3dc6249e539.jpg,224,224,Ear-mites,7,140,220,223
36_jpg.rf.6a1368a86e5ee872d77f110e3d6b59a6.jpg,224,224,Ear-mites,100,105,223,220
49_jpg.rf.694ce89fc8491c5f1de2136f3c78ce2a.jpg,224,224,Ear-mites,143,3,223,223
37_jpg.rf.6a0d83b5da7993ec07e7aea4f7a4190b.jpg,224,224,Ear-mites,0,29,223,223
25_jpg.rf.6a63aa2b11e139d4a0ef4cc85fc002a0.jpg,224,224,Ear-mites,53,76,223,223
18_jpg.rf.6c4d303771c351c1c39a23bce1f573f1.jpg,224,224,Ear-mites,0,0,223,224
36_jpg.rf.6b2251c0fa854b7d279aa0f218fabd39.jpg,224,224,Ear-mites,97,82,215,217
100_jpg.rf.6d58ae6d62d80c8c8468540fc68780b4.jpg,224,224,Ear-mites,0,0,223,223
48_jpg.rf.698cdc1d91fc79b713f5cd86420b041f.jpg,224,224,Ear-mites,0,0,206,223
102_png.rf.6622308245ccc5afc3fc77f8733d036a.jpg,224,224,Ear-mites,4,45,223,224
71_jpg.rf.68d9d5a9ff0ccdb8998d3469097ece0b.jpg,224,224,Ear-mites,0,0,223,224
31_jpg.rf.6b17b8196d09b4d0d0c7a7b7dd712d21.jpg,224,224,Ear-mites,0,0,93,33
51_jpg.rf.6b334ff17fc6ae3d82d30f19feb23c8b.jpg,224,224,Ear-mites,0,6,69,223
53_jpg.rf.6c32697eb6492248464c6eb80b4027e9.jpg,224,224,Ear-mites,0,0,223,223
74_jpg.rf.6db1a265aba8ba81e9927b124ffb0dc0.jpg,224,224,Ear-mites,0,0,223,224
19_jpg.rf.6d0840cc31e9693319b7926d8b70660d.jpg,224,224,Ear-mites,3,110,223,223
105_jpeg.rf.6f9bc8cfb8af1fda9dcb875e3c7377f1.jpg,224,224,Ear-mites,0,0,223,212
99_jpg.rf.6f581ce78e96d64bc78c7592e70dc12b.jpg,224,224,Ear-mites,25,0,223,222
5_jpg.rf.6f9258b47a9ebfaa249c0f40122ee255.jpg,224,224,Ear-mites,2,2,201,200
74_jpg.rf.6dd530e5b93f0b0580f2d99f3f2766a0.jpg,224,224,Ear-mites,0,0,223,223


44_jpg.rf.6b78346da79ad4406c4694de5e88faad.jpg,224,224,Ear-mites,0,0,223,224
48_jpg.rf.7019adf42e30b76d9631d676aa32fb57.jpg,224,224,Ear-mites,0,0,224,223
86_jpg.rf.70372b042b753952860fd5b542963822.jpg,224,224,Ear-mites,0,0,224,223
60_jpg.rf.7199dcb29acd73336eae964202ff5fc1.jpg,224,224,Ear-mites,0,0,223,223
61_jpg.rf.71317e00063ef2fbbe6facef89d9dd7d.jpg,224,224,Ear-mites,0,0,223,223
67_jpg.rf.70ca1e64802f03902ec18e697f43cf4e.jpg,224,224,Ear-mites,0,0,223,224
92_jpg.rf.724ac13071686b3e6be10bf3a2ea17dd.jpg,224,224,Ear-mites,52,22,220,219
67_jpg.rf.6f255191b62634276181f2bf54652cbb.jpg,224,224,Ear-mites,0,0,223,224
107_jpg.rf.72b1f17da75ee83adb3f238635643529.jpg,224,224,Ear-mites,24,0,224,221

33_jpg.rf.7512147b2dbe089b6e6c891ae570add3.jpg,224,224,Ear-mites,0,0,224,223
65_jpg.rf.6fe0edbe7348a49e78903e9a1c2b097e.jpg,224,224,Ear-mites,0,0,223,223
74_jpg.rf.70ed3dbfc5e83f70719620585a7daae6.jpg,224,224,Ear-mites,37,101,223,223
70_jpg.rf.7200583510ab05785bec490e2e13d1cb.jpg,224,224,Ear-mites,54,0,218,10
44_jpg.rf.7486b49d730af82db8296c4ba77130a4.jpg,224,224,Ear-mites,0,0,169,223
6_jpg.rf.74cc0e29fde79e2e7a9202058ff650c1.jpg,224,224,Ear-mites,131,15,223,223
44_jpg.rf.721c76b5eb249b09e633ddc291fbedd1.jpg,224,224,Ear-mites,0,0,223,223
60_jpg.rf.762ac5e3c6d3949ecade8c657fd5ff79.jpg,224,224,Ear-mites,0,0,223,223

35_jpg.rf.79f1d2004c7b616416723164d64c7411.jpg,224,224,Ear-mites,0,94,162,223
23_jpg.rf.7932f83ec922803a9318e66016257b80.jpg,224,224,Ear-mites,0,0,223,224
66_jpg.rf.7b832ed927e6097556a4cac487cd5dde.jpg,224,224,Ear-mites,0,0,223,224

23_jpg.rf.76414b16100c017415e38c99fbef6b26.jpg,224,224,Ear-mites,0,0,223,224
87_jpg.rf.793efed2217195deb788bbd55a45f639.jpg,224,224,Ear-mites,0,0,223,223
54_jpeg.rf.7a7e31072bea1c2793ee69447fa28fb3.jpg,224,224,Ear-mites,0,0,224,223
24_png.rf.7c48258a6078360b346584fc012ac4d5.jpg,224,224,Ear-mites,0,0,223,178
34_jpg.rf.73fb52d0d00ce155dba2a55113b224b2.jpg,224,224,Ear-mites,0,0,223,223
66_jpg.rf.78a4eb046f7070383cbc55104eebdcb4.jpg,224,224,Ear-mites,0,0,223,224
43_jpg.rf.7adc70d96326b4517516650645ab3fa5.jpg,224,224,Ear-mites,3,51,223,224
23_jpg.rf.7898b14e2fd75a68c72bfe47288a80ca.jpg,224,224,Ear-mites,0,0,151,223
17_jpg.rf.7239a1bebb595eb0e8f2527f761261fb.jpg,224,224,Ear-mites,7,121,223,223
48_jpg.rf.7c70a739e639c0fb44fd1cfeb2c41715.jpg,224,224,Ear-mites,0,8,223,223
54_jpeg.rf.7cdbc83070b0ffa3b13318d22e1e5b71.jpg,224,224,Ear-mites,0,0,224,223
71_jpg.rf.75e67fdace4ba20142a5243a4e5b792a.jpg,224,224,Ear-mites,0,0,223,223
49_jpg.rf.7cc9c215c42f96be8822e95a36ae93a6.jpg,224,224,Ear-mites,0,0,223,224
86_jpg.rf.7775f3f4f68c9a3e7df96a26313443a2.jpg,224,224,Ear-mites,0,0,224,223
88_jpg.rf.7724106d691c542b1293fd3f27c712ad.jpg,224,224,Ear-mites,0,0,211,145
11_jpg.rf.7d0fea0722fce206721bc88383f2ea2e.jpg,224,224,Ear-mites,0,0,175,131
22_jpg.rf.8017eefcc41e76040e9d43af8acc3c15.jpg,224,224,Ear-mites,0,188,151,223
5_jpg.rf.839c5033b5d2bb73185d3811e1246c91.jpg,224,224,Ear-mites,0,9,223,223
92_jpg.rf.7f667d5f4995e11f49a1ac2ef5a3437a.jpg,224,224,Ear-mites,7,158,223,223
67_jpg.rf.8301f8ce3b18048fa8c8ec4278990007.jpg,224,224,Ear-mites,0,0,223,224
60_jpg.rf.7d43c6608dffa90789d6071c75f725dd.jpg,224,224,Ear-mites,0,0,223,224
49_jpg.rf.7b1ca1164a9e30a28052a015c9498eb6.jpg,224,224,Ear-mites,0,0,223,224
5_jpg.rf.8138759d0b137845a136addf9f72477d.jpg,224,224,Ear-mites,0,0,215,223
107_jpg.rf.811a4783157040d83741877dadb912d1.jpg,224,224,Ear-mites,1,0,204,223
53_jpg.rf.80afd4329a5827e0b53d6607bd62f7f3.jpg,224,224,Ear-mites,0,0,223,223
26_jpg.rf.82272b52f9570b1ac2de2b34f1091767.jpg,224,224,Ear-mites,134,0,223,218
71_jpg.rf.7ef23512171194dec1914031548698ec.jpg,224,224,Ear-mites,0,0,205,129
18_jpg.rf.808c75973ed43bacc1ba281d2d61716b.jpg,224,224,Ear-mites,0,0,223,224
43_jpg.rf.8240a5d26300602b7b050cd51120d320.jpg,224,224,Ear-mites,5,137,221,223
51_jpg.rf.84a681dcf41e76ba524a68ba6b12181e.jpg,224,224,Ear-mites,0,0,223,224
78_jpg.rf.846620eecd233ad2bed16b47a05ed85d.jpg,224,224,Ear-mites,0,0,223,223
86_jpg.rf.82a7218671c143275ca250df4aeb6eee.jpg,224,224,Ear-mites,0,0,223,223
51_jpg.rf.7eb8a1d8bf718bc41af277554c69d87b.jpg,224,224,Ear-mites,0,0,224,223
60_jpg.rf.7f6664f516119819995c21d09e17846d.jpg,224,224,Ear-mites,0,0,223,224
78_jpg.rf.7d9284526ef3e17118d2b43effb6b494.jpg,224,224,Ear-mites,0,0,223,223
92_jpg.rf.81d96504cf85e0a5efcf1d39626a3e2d.jpg,224,224,Ear-mites,61,172,207,223
74_jpg.rf.852968cdec349710e423a58cd8196cd3.jpg,224,224,Ear-mites,1,18,109,223
38_png.rf.8547c777666a48b3c5dc84e1efe9a60e.jpg,224,224,Ear-mites,0,0,126,174
35_jpg.rf.7cf333c0d2b84d97b98d50c7d1ecaa70.jpg,224,224,Ear-mites,0,0,221,134
87_jpg.rf.836f3bd2cc401cdd145e0c3624b8e5d1.jpg,224,224,Ear-mites,0,0,223,223
102_png.rf.85f8eb6f26514e0aaad71ece48f1fb29.jpg,224,224,Ear-mites,0,51,223,223
95_jpg.rf.8638d5a14f743ff871dc85092f2f547d.jpg,224,224,Ear-mites,117,44,223,223
70_jpg.rf.8598469f840f64a7bf90cfab823d2e0b.jpg,224,224,Ear-mites,0,0,219,14
71_jpg.rf.86df461437fe79871c9e1506fe85bf88.jpg,224,224,Ear-mites,0,0,224,223
105_jpeg.rf.85c845b5ccdf1d9129748e193503505b.jpg,224,224,Ear-mites,0,0,223,193
107_jpg.rf.876b844e388fac06cc952bba90400643.jpg,224,224,Ear-mites,0,0,224,223

78_jpg.rf.862ec345e26b631165efb73daf984336.jpg,224,224,Ear-mites,3,0,223,223
39_jpg.rf.8659d82f4ed7ebe4c7fec3da89c817ab.jpg,224,224,Ear-mites,1,87,199,223
71_jpg.rf.897bccbc59d04f2ec8450b6f0fc0655b.jpg,224,224,Ear-mites,8,0,223,223
25_jpg.rf.8849da6c945e31d6569cfab7ebedab33.jpg,224,224,Ear-mites,0,0,205,223
69_jpg.rf.89225e290ce77a9f14d970fb0fef0153.jpg,224,224,Ear-mites,0,0,223,223
25_jpg.rf.873c6f5023a0f99d186cc8f4a673140b.jpg,224,224,Ear-mites,45,0,223,136
7_jpg.rf.8845651cf47430dc62e9defb1be6049b.jpg,224,224,Ear-mites,124,10,218,32
51_jpg.rf.89a40d7458d293d00b08e49a193b5696.jpg,224,224,Ear-mites,0,0,220,73
69_jpg.rf.75572e816fd0f4c7a850861f37a28443.jpg,224,224,Ear-mites,0,0,223,223
37_jpg.rf.87f185208f4f6fc2963196bcde31d1f5.jpg,224,224,Ear-mites,0,141,209,223
105_jpeg.rf.6ccb22ee3580143aa20de5503cafdfa4.jpg,224,224,Ear-mites,0,45,221,223
26_jpg.rf.5bf472a8fe47b7aded3eb45f74edf97c.jpg,224,224,Ear-mites,8,119,223,224

6_jpg.rf.009879c1d16b3d3ddd79c6c695c13959.jpg,224,224,Ear-mites,0,0,223,224
16_jpg.rf.0132d90564c1b113fc8a64d0dc8633fc.jpg,224,224,Ear-mites,0,0,224,223
6_jpg.rf.02f91051c0bc0f429100e0de842b0e8a.jpg,224,224,Ear-mites,123,6,224,223
34_jpg.rf.0158e5c5c6f565a661df0bda5f2c2485.jpg,224,224,Ear-mites,0,0,223,223
69_jpg.rf.029df12c01acf47598d3fdfc87fb5e5b.jpg,224,224,Ear-mites,0,0,223,224
34_jpg.rf.040cc6206d70fb6f18d55f5fd2296148.jpg,224,224,Ear-mites,0,0,223,223
43_jpg.rf.0378871229723606caaa293b063d7f22.jpg,224,224,Ear-mites,9,0,223,86
5_jpg.rf.00bd826243d79ace45549c9ff902f064.jpg,224,224,Ear-mites,0,11,223,224
13_jpg.rf.0043e03573a573d3be519d6c3dbef4de.jpg,224,224,Ear-mites,0,0,223,167
74_jpg.rf.0339c4159939122d2be9c3bc0c645a26.jpg,224,224,Ear-mites,1,18,223,223
85_jpg.rf.04ddd43c670989e7a11b28c03057aa37.jpg,224,224,Ear-mites,0,0,224,223
78_jpg.rf.022250d9a2debc43f2333887227d986b.jpg,224,224,Ear-mites,0,0,223,223
53_jpg.rf.0455ba4bec9d6e3de315eda98f0ba1b7.jpg,224,224,Ear-mites,0,0,223,223
19_jpg.rf.0612283cfb71f576c76f44a7b6364b40.jpg,224,224,Ear-mites,0,0,173,223
107_jpg.rf.0318bb5a2203bee4fadf512bd3f5abe5.jpg,224,224,Ear-mites,1,0,223,223
65_jpg.rf.0222ac5ea9307bdc2b00ab1ef6e57e31.jpg,224,224,Ear-mites,0,0,223,224
53_jpg.rf.0679536a9ca6cb66c8a75ddc85b1e9af.jpg,224,224,Ear-mites,0,0,223,223
103_jpeg.rf.0514f44fdd3683f87e680d1839d90488.jpg,224,224,Ear-mites,106,0,223,223
47_jpg.rf.068e0593dcad11f1b856c64c7f18a904.jpg,224,224,Ear-mites,0,0,223,224
43_jpg.rf.06e7d6f0660da145de1639694a55b35a.jpg,224,224,Ear-mites,58,119,220,218
70_jpg.rf.07906598207389bf399a2b46a650fed6.jpg,224,224,Ear-mites,50,0,223,221
5_jpg.rf.0828fdb6021ffb5d5d22df3c3a96f489.jpg,224,224,Ear-mites,0,0,223,223
22_jpg.rf.07c11f4d8b7c5643c938e3cf532690ad.jpg,224,224,Ear-mites,196,34,223,208
15_jpg.rf.08b4789643909790e92d882772ed9749.jpg,224,224,Ear-mites,43,2,223,223
95_jpg.rf.06ad17b627524530613922adebd53986.jpg,224,224,Ear-mites,2,0,223,134
80_jpg.rf.0667fac529d837be20aec8325efb95a9.jpg,224,224,Ear-mites,0,0,223,224
88_jpg.rf.0918dfffbaf875147a382c70ec411a80.jpg,224,224,Ear-mites,87,84,217,222
10_jpg.rf.093600a2f4941532eaef014219b3cfc9.jpg,224,224,Ear-mites,59,88,223,219
54_jpeg.rf.0807b9eca29701708e5b4b796ec39b89.jpg,224,224,Ear-mites,0,0,223,223
23_jpg.rf.09390c06a34fd477fb1afe4f7a64ced2.jpg,224,224,Ear-mites,0,0,223,223
34_jpg.rf.0a403251d315cace65f8d5d38eacfc6a.jpg,224,224,Ear-mites,0,0,223,223
92_jpg.rf.092656ef740475bc0f28c167cc463901.jpg,224,224,Ear-mites,0,0,223,206
46_jpg.rf.08d0d2ac6bf158927fa7023af26b8a6d.jpg,224,224,Ear-mites,26,1,223,223
49_jpg.rf.050d5ac2918c4fbbd866039c68b46ea0.jpg,224,224,Ear-mites,0,0,223,223
49_jpg.rf.09c42215b760f4dc1a291eb455113bce.jpg,224,224,Ear-mites,0,0,223,223
87_jpg.rf.04d1aafd2c9f5c17a49e6ce070331b0b.jpg,224,224,Ear-mites,0,0,223,223
38_png.rf.0b37d0ebe87ec575eaa51ce3341ef116.jpg,224,224,Ear-mites,6,136,107,222
43_jpg.rf.09b6ec2af5ba9526c649176ca8362338.jpg,224,224,Ear-mites,15,0,192,77
13_jpg.rf.0c35e865757b03ec90fb8741643a3390.jpg,224,224,Ear-mites,0,0,223,140
46_jpg.rf.0cc1d5c39100a300485bd979f3345065.jpg,224,224,Ear-mites,0,0,223,183

31_jpg.rf.0af5f419d2c96d9f79efd48fd0bd345b.jpg,224,224,Ear-mites,0,0,223,104
19_jpg.rf.0ae652367965a026e566687c96431c4d.jpg,224,224,Ear-mites,0,93,150,223
95_jpg.rf.0849b1d21d51cb84979a605094e52dd2.jpg,224,224,Ear-mites,4,0,181,119
85_jpg.rf.0eb6e97831e372563fa594dbbac23f76.jpg,224,224,Ear-mites,0,0,223,224
70_jpg.rf.0fb10501fc3bf0a3f2e3a38ef9926612.jpg,224,224,Ear-mites,0,0,223,224

79_jpg.rf.0d48aa51626e5a8244e4a43ad8dc6436.jpg,224,224,Ear-mites,0,0,223,223
105_jpeg.rf.1201eb88300b84f43ddff699256b4e58.jpg,224,224,Ear-mites,59,0,223,221
80_jpg.rf.104721ea5308e2c58976e3afb82077ef.jpg,224,224,Ear-mites,0,0,223,224
6_jpg.rf.103ba6bd726f5b8190fbbbaaf8ca926d.jpg,224,224,Ear-mites,0,0,224,223
27_jpg.rf.0f52af69c7af62e116467aabab3cad7d.jpg,224,224,Ear-mites,49,0,223,222
67_jpg.rf.0f9ada6b9b699071844564d553cf26f1.jpg,224,224,Ear-mites,0,0,223,223
66_jpg.rf.0f71a9fde60138eeb47bd392796ff01b.jpg,224,224,Ear-mites,0,0,223,224
95_jpg.rf.0f03510e492f2d597f10bf3539532a05.jpg,224,224,Ear-mites,0,0,223,223
46_jpg.rf.0f9ee095517b9773bd9da546c4e2c288.jpg,224,224,Ear-mites,1,25,223,224
99_jpg.rf.104b2ec3eab08c2c8b40bf8f900d88cf.jpg,224,224,Ear-mites,25,0,223,222
5_jpg.rf.07996ff33c775566e886ac24859a3059.jpg,224,224,Ear-mites,0,0,223,224
60_jpg.rf.0f6c25d062961eb0f1547dfb2b11491b.jpg,224,224,Ear-mites,0,0,223,224
34_jpg.rf.12f59c52aeebac23b66577a80fe7a649.jpg,224,224,Ear-mites,0,0,223,223
61_jpg.rf.1306919707d284942c2764b7ec88591d.jpg,224,224,Ear-mites,0,0,223,223
92_jpg.rf.12a1d3c46095e36d04b26ab95b0ffb1d.jpg,224,224,Ear-mites,7,158,143,223

39_jpg.rf.113819104e48ecad170fb36fa4872677.jpg,224,224,Ear-mites,89,18,223,219


64_jpg.rf.133e7e7f2f4b3032b2a39125f722d848.jpg,224,224,Ear-mites,0,0,223,223
101_jpg.rf.1567aef1252f9ba77adf7c0ba2082b86.jpg,224,224,Ear-mites,6,0,223,188
36_jpg.rf.110941ecb0b1988d41bcd5eb3dd941e5.jpg,224,224,Ear-mites,0,0,118,197
6_jpg.rf.12b989356c40f11cd7ff07cb29a19d27.jpg,224,224,Ear-mites,0,0,224,223
15_jpg.rf.1579c041adb3f2ced77c5eae142f00e9.jpg,224,224,Ear-mites,0,0,223,223
67_jpg.rf.14eed47103fcc18a5a1410d06f74b68d.jpg,224,224,Ear-mites,0,0,223,223
34_jpg.rf.13325982fcd24c0e3a6fb85a5ea2bb04.jpg,224,224,Ear-mites,0,0,223,223
18_jpg.rf.15b67a3177b851cda8bcbbe34ef9d7e3.jpg,224,224,Ear-mites,0,0,224,223
1_jpg.rf.143fa54288ec92ae921a2ce74312d02a.jpg,224,224,Ear-mites,0,0,223,223

87_jpg.rf.13af0f75f17fcba316d3a3b142df0fee.jpg,224,224,Ear-mites,0,0,223,223
22_jpg.rf.15b534cdf9862c1c0e1d4c8680d2844d.jpg,224,224,Ear-mites,60,199,197,222
79_jpg.rf.18ea5f280dbc20fd4baa8f1029cfb60e.jpg,224,224,Ear-mites,0,0,220,223
61_jpg.rf.169e93d7c6384bd13f61e1e4fdc57915.jpg,224,224,Ear-mites,0,0,223,223
24_png.rf.17a8898e5fb929b9190d5533c5742fc9.jpg,224,224,Ear-mites,0,0,223,223
43_jpg.rf.18e36ffb491232a98b2fe30b364901c2.jpg,224,224,Ear-mites,11,145,185,223
47_jpg.rf.133d895676343a1deb01578dcb611b8e.jpg,224,224,Ear-mites,0,2,103,223
80_jpg.rf.17c4f9f151be23443ff3c2babbb595be.jpg,224,224,Ear-mites,0,0,223,223
90_jpeg.rf.1adff0471a7769cef0a62a7465583533.jpg,224,224,Ear-mites,40,0,223,223
53_jpg.rf.1b67d435efa835393af7ef174a29a4f2.jpg,224,224,Ear-mites,0,0,223,224
49_jpg.rf.178925fd00c60de158c55b502d42c278.jpg,224,224,Ear-mites,0,0,223,223
106_jpg.rf.1a3cc433c633afa43d2e89c96246c881.jpg,224,224,Ear-mites,0,0,223,199
47_jpg.rf.1a72087c9ce0e6706a57464ca9f7e337.jpg,224,224,Ear-mites,3,0,223,112
54_jpeg.rf.1c0d44da72e799491fa7ff79e603ccb3.jpg,224,224,Ear-mites,0,0,175,223
103_jpeg.rf.1a921bf59329f56162a6c8130960ff78.jpg,224,224,Ear-mites,0,0,223,223
61_jpg.rf.19dbe55bb1292c507944a9a3cd1bcc88.jpg,224,224,Ear-mites,0,0,223,223
100_jpg.rf.1bc0b5bc47bd291672ccd8edbf9723b8.jpg,224,224,Ear-mites,0,0,223,180
36_jpg.rf.181fa59fe2f69ecf74d093e4acdb6a0d.jpg,224,224,Ear-mites,28,2,223,170
54_jpeg.rf.191d6797b420fce34c5ccde7e8338bc7.jpg,224,224,Ear-mites,0,0,224,223
86_jpg.rf.1848465c88438c99a3a86c8ee481223c.jpg,224,224,Ear-mites,0,0,223,223
22_jpg.rf.19b0a23305f716d8d48920a4d5f39f33.jpg,224,224,Ear-mites,186,3,223,125
60_jpg.rf.1c0b5a54c75fc5e7dadaab8edb1f3528.jpg,224,224,Ear-mites,0,0,223,224
65_jpg.rf.1a24a381a0506437f419a9f7fa636605.jpg,224,224,Ear-mites,0,0,224,223
12_jpg.rf.1b1d96b5ef5ec522639fb85c10611bf4.jpg,224,224,Ear-mites,5,0,161,97
99_jpg.rf.1b0927a9bc71058eb4e47430c5b794d8.jpg,224,224,Ear-mites,0,0,224,223
37_jpg.rf.1c8435c21d75013d3615a4445e60bda5.jpg,224,224,Ear-mites,0,34,218,223
18_jpg.rf.1be91366a604df0f99e107d8f8164f39.jpg,224,224,Ear-mites,0,0,223,224
26_jpg.rf.1c67dcd45ae452a7e7864c1b88086639.jpg,224,224,Ear-mites,0,48,223,223
31_jpg.rf.1da0c81e5ecb33ca95644f3297f3178b.jpg,224,224,Ear-mites,7,0,56,77
99_jpg.rf.1b7538d3291d9efb1ff4a87b8127436e.jpg,224,224,Ear-mites,0,0,214,223
12_jpg.rf.1d128c6a0464cd5c27a30c6ddd2592a6.jpg,224,224,Ear-mites,67,0,223,163
11_jpg.rf.1f061e9cbe5c41af46cea5e42b634e40.jpg,224,224,Ear-mites,3,115,223,223
18_jpg.rf.1f6c96c655256690e5225e6128e4b23e.jpg,224,224,Ear-mites,0,0,224,223
54_jpeg.rf.1ed15937dc3ede39072550acd12166f7.jpg,224,224,Ear-mites,0,0,224,223
43_jpg.rf.1cd72c0ac910ded624e48f9bfe87e440.jpg,224,224,Ear-mites,27,0,223,160

70_jpg.rf.1fe3c8f24616189b5c8f06cb207abf1e.jpg,224,224,Ear-mites,0,199,217,223
10_jpg.rf.20012f2c2fa25db2a6548a0c080c36fd.jpg,224,224,Ear-mites,0,110,176,223

48_jpg.rf.21c87df6d896ef31d49a35c094fa63b1.jpg,224,224,Ear-mites,0,0,206,223
37_jpg.rf.20dd6b429cf874c09940111e974454ef.jpg,224,224,Ear-mites,0,0,218,188

71_jpg.rf.1e21b9b6cfbe1ebb93d3c3aeba526400.jpg,224,224,Ear-mites,6,73,223,223

103_jpeg.rf.209596e1339452ed293c382459b4c3c9.jpg,224,224,Ear-mites,91,0,223,214
100_jpg.rf.1e5b6ffb5c9e1885d2edbd3fcab88d0d.jpg,224,224,Ear-mites,0,0,223,223

78_jpg.rf.21ec4d5c626e75408aa16f45ec2ec8dc.jpg,224,224,Ear-mites,2,0,223,223
18_jpg.rf.21a022b3202d0b42c8f946420613934a.jpg,224,224,Ear-mites,0,0,223,223
26_jpg.rf.255a67b51164c8572a6ddc4b92367da4.jpg,224,224,Ear-mites,16,0,223,180
87_jpg.rf.244d0eb2b9702fa9588d8e2188c3f506.jpg,224,224,Ear-mites,0,0,223,223
88_jpg.rf.245845dc83fc689326da8f989564af7d.jpg,224,224,Ear-mites,0,0,162,214
25_jpg.rf.22ac729e39c130d07bf894ebb230e18c.jpg,224,224,Ear-mites,30,0,223,182
25_jpg.rf.25f5b3c873255183adb826329a1bae5a.jpg,224,224,Ear-mites,0,0,223,194
19_jpg.rf.23a9f911eff25dcb88664879ca03a2a8.jpg,224,224,Ear-mites,0,0,224,154

92_jpg.rf.26114e99937af4670b33aac28f375732.jpg,224,224,Ear-mites,6,0,223,70
79_jpg.rf.27b2aec8df5d9f35ecf6011b01e98271.jpg,224,224,Ear-mites,0,2,59,201
71_jpg.rf.269b6dbd684d3dc528727fec9917aafc.jpg,224,224,Ear-mites,0,0,223,223
105_jpeg.rf.24f915ee5192000131bf6e7c399637fd.jpg,224,224,Ear-mites,0,0,212,223
65_jpg.rf.292124bb914c2ccec9b17a6daa83c3fc.jpg,224,224,Ear-mites,0,0,223,224
36_jpg.rf.271202df9840cc2b1e72f4c47b9f5f95.jpg,224,224,Ear-mites,9,97,223,223
80_jpg.rf.2a0472928a7183be472a52382f7c6d97.jpg,224,224,Ear-mites,0,0,223,223
51_jpg.rf.27934ea713f91a058add5512eafd2811.jpg,224,224,Ear-mites,0,3,223,223
77_jpg.rf.263c12000b912a7048cbc80dd180e195.jpg,224,224,Ear-mites,0,0,224,223
24_png.rf.2a1d045437120a639a5edd5ab10e6689.jpg,224,224,Ear-mites,0,0,46,220
17_jpg.rf.28a7f9515cec04cd0d6dc9ba692e743f.jpg,224,224,Ear-mites,0,0,223,223
92_jpg.rf.214adb089f353f8f615e3c69f302aa2a.jpg,224,224,Ear-mites,0,0,223,217
88_jpg.rf.2897a51e6c0da4a24bf2fd5a19a17073.jpg,224,224,Ear-mites,82,82,219,223
106_jpg.rf.265f964faf90ebf5de43ce6c09f2f727.jpg,224,224,Ear-mites,81,35,223,219
17_jpg.rf.28129c91d7ab25bb5905ecedc9885907.jpg,224,224,Ear-mites,8,106,223,224
85_jpg.rf.28e09c1f0d5f6ba63e6fdd5d722d28ab.jpg,224,224,Ear-mites,0,0,223,223
15_jpg.rf.2a9ea3f21f04ef1b78be5ca85901363c.jpg,224,224,Ear-mites,0,57,141,223
61_jpg.rf.28a3323a4fc37ab5b7149ec55f71417e.jpg,224,224,Ear-mites,0,0,223,223
27_jpg.rf.2a5d5a7f277a89af7f5800b8e35ba4bf.jpg,224,224,Ear-mites,0,0,223,186
60_jpg.rf.23dee1589732a00e09f935b42b3ccedb.jpg,224,224,Ear-mites,0,0,223,223
66_jpg.rf.2a87d87ed16b7f481f36d75fbc02928c.jpg,224,224,Ear-mites,0,0,223,224
25_jpg.rf.23b1c32a6b3af25444af0598c7d7925c.jpg,224,224,Ear-mites,79,5,223,223
77_jpg.rf.2adaf728ecf65617d5433ab86613f475.jpg,224,224,Ear-mites,0,0,224,223
13_jpg.rf.2b9a6688eee3c7c02f2a0919594aa318.jpg,224,224,Ear-mites,63,5,224,223
100_jpg.rf.2c7f2f5a5ce1a0bee446a8eaa0bede39.jpg,224,224,Ear-mites,0,0,223,223
65_jpg.rf.2cab3172654b8f6216dd108e7a658575.jpg,224,224,Ear-mites,0,0,223,223
27_jpg.rf.2d7e8bc55915e47defedf8d4e320ab08.jpg,224,224,Ear-mites,0,0,223,224
15_jpg.rf.2d2d44dd8964fda5a4a684de0c6a30a4.jpg,224,224,Ear-mites,61,0,223,223
64_jpg.rf.2dc37e1b823019c797e9ace795b6e5e1.jpg,224,224,Ear-mites,0,0,223,223
7_jpg.rf.2ad9ff5f1b2f217bf572047e4754c01a.jpg,224,224,Ear-mites,0,3,63,28
17_jpg.rf.2cbc75a690fe7af234bb3a48dab04618.jpg,224,224,Ear-mites,7,120,223,223
11_jpg.rf.2c61eb42e628a60eb4085aa2e77c7f3a.jpg,224,224,Ear-mites,0,53,107,223
13_jpg.rf.2e2a25cba8fbf1655f5411e6a3cd5bab.jpg,224,224,Ear-mites,0,0,223,140
19_jpg.rf.2b588fc550372e29f056c3f49cf5af63.jpg,224,224,Ear-mites,106,0,223,153
36_jpg.rf.2a65cd6cba4099eb29fc2f60db8d3a0d.jpg,224,224,Ear-mites,95,0,223,192
46_jpg.rf.2e4d4939808f2b489ffb277fc1837b93.jpg,224,224,Ear-mites,1,14,223,223

16_jpg.rf.30e2261b8735809a169ad179b3ef5637.jpg,224,224,Ear-mites,0,0,110,223
61_jpg.rf.2deb042cb89228073ddd0d08e7d7d623.jpg,224,224,Ear-mites,0,0,223,223
47_jpg.rf.2d591f3528c6b58ac99b40bdc8de9271.jpg,224,224,Ear-mites,0,0,224,223
74_jpg.rf.309dbb0df3383d2014088e071d13c3fa.jpg,224,224,Ear-mites,0,0,223,110
87_jpg.rf.2f49f99f8689ddd4bbfaa25987633c6d.jpg,224,224,Ear-mites,0,0,223,223
69_jpg.rf.2c00946894ea4ade1548212abf92a936.jpg,224,224,Ear-mites,0,0,223,224
43_jpg.rf.2c56f7f160ab83d4752beecda845d388.jpg,224,224,Ear-mites,0,0,223,169
22_jpg.rf.310ed137aebfb9f22a551c7b21662e86.jpg,224,224,Ear-mites,59,0,223,222
48_jpg.rf.321f51b73bccc15a6da7fa1fb2330da3.jpg,224,224,Ear-mites,0,0,223,223
100_jpg.rf.308073b99fa97294babbbeecfdaee4d3.jpg,224,224,Ear-mites,0,0,223,223
78_jpg.rf.308e6d90de1253878aae8315cda359df.jpg,224,224,Ear-mites,0,15,223,223
69_jpg.rf.1c24a9b9c265e579e62bf3340824c97d.jpg,224,224,Ear-mites,0,0,223,224