filename, pyoderma
Copy-of-pyd_12_jpg.rf.02c139dffc76f030bad168dd9f93c6ae.jpg, 1
Copy-of-pyd_7_jpg.rf.1ba3e5b190bea6e09d6a31043e89ffc0.jpg, 1
Copy-of-pyd_1_jpg.rf.0eb85292291194a4f00fce06e7769702.jpg, 1
Copy-of-pyd_23_jpg.rf.24a76f8c6d12337763fa4720332435ac.jpg, 1
Copy-of-pyd_15_jpg.rf.0d2ad18dc8743d7e73d077d6f2c106d8.jpg, 1
Copy-of-pyd_25_jpg.rf.0ae64eb658e933607c91efe4df3a5940.jpg, 1
Copy-of-pyd_11_jpg.rf.179467e44e1ed0d97d4fdab7eb84990d.jpg, 1
Copy-of-pyd_1_jpg.rf.0750c5ced4a59c86f4a5395706b142a7.jpg, 1
Copy-of-pyd_13_jpg.rf.1f7273a8750ce1898dd65778d82dd1eb.jpg, 1
Copy-of-pyd_31_jpg.rf.281fcfeb1046ba7d05e651e7b7046bbe.jpg, 1
Copy-of-pyd_33_jpg.rf.19e6e7934ed4d18aabb0eaa61e327e12.jpg, 1
Copy-of-pyd_4_jpg.rf.0bd97a82aed1552634344e3cfe3df3b6.jpg, 1
Copy-of-pyd_12_jpg.rf.2db14f25d1bf466a669dcac4224abb2c.jpg, 1
Copy-of-pyd_23_jpg.rf.2f11730cc0c7b9e53f5e3c0222ec6ead.jpg, 1
Copy-of-pyd_35_jpg.rf.336064cecf982921001911f5f8c95e2d.jpg, 1
Copy-of-pyd_18_jpg.rf.2c5a2975e4f9d96934c783d4e669ca53.jpg, 1
Copy-of-pyd_36_jpg.rf.40bfa7cc0809d7e58dae547145e33d38.jpg, 1
Copy-of-pyd_29_jpg.rf.52b45c768bd49491edabbfbcb3ce9e79.jpg, 1
Copy-of-pyd_21_jpg.rf.4acd14aa735a1818fb84872efa118b5b.jpg, 1
Copy-of-pyd_3_jpg.rf.43bead5f145980ed8082c73723cff8c6.jpg, 1
Copy-of-pyd_10_jpg.rf.523e08a70511059678debf466e555edb.jpg, 1
Copy-of-pyd_0_jpg.rf.28ecf141026ef77dd704cd3b5a1b42c3.jpg, 1
Copy-of-pyd_6_jpg.rf.465ecf2336e79dbddb152346188e54ad.jpg, 1
Copy-of-pyd_5_jpg.rf.4b89486bba69d673cc59015dc1ea136d.jpg, 1
Copy-of-pyd_18_jpg.rf.51ca138ab1c21738ab732155f7603298.jpg, 1
Copy-of-pyd_26_jpg.rf.5324041ebfdf605787163b0479bfe5ef.jpg, 1
Copy-of-pyd_18_jpg.rf.584102f13c8c2d40c6ac524bb2e5bce0.jpg, 1
Copy-of-pyd_12_jpg.rf.61b243055c203a41695a30061071c952.jpg, 1
Copy-of-pyd_22_jpg.rf.664d5b947136cc90a12883f424cfdf41.jpg, 1
Copy-of-pyd_10_jpg.rf.5e2b51b67648b121528cfad33032a035.jpg, 1
Copy-of-pyd_22_jpg.rf.60ab900e52e9189ea883d386601c272f.jpg, 1
Copy-of-pyd_29_jpg.rf.62bfee9edb6cbc762b78c8331a203a1b.jpg, 1
Copy-of-pyd_15_jpg.rf.70b9713a74bf691f45656a0828616bd2.jpg, 1
Copy-of-pyd_7_jpg.rf.6b56222e57c10a3d3da9f574da32e107.jpg, 1
Copy-of-pyd_31_jpg.rf.79aa6cc8883e6c67e847a47866b5b517.jpg, 1
Copy-of-pyd_4_jpg.rf.6557bd692d4babe07c2c05b45665bed4.jpg, 1
Copy-of-pyd_26_jpg.rf.764a8b379743bd03782935e37093b59d.jpg, 1
Copy-of-pyd_28_jpg.rf.8cd3da5e7d0f4b76e55c471406487e6f.jpg, 1
Copy-of-pyd_28_jpg.rf.906815c4e8ec959bff1504983828173a.jpg, 1
Copy-of-pyd_13_jpg.rf.867c311cb2aca6a902527d5f0deb9d7e.jpg, 1
Copy-of-pyd_5_jpg.rf.7d574ec9ba5f3a52c39ca91996555194.jpg, 1
Copy-of-pyd_31_jpg.rf.8aa4c569c49c59c3daf293fb17568146.jpg, 1
Copy-of-pyd_0_jpg.rf.90b80b19e6f8f1df188941d5be078f30.jpg, 1
Copy-of-pyd_15_jpg.rf.939e63b442f62fdfeb03af2e709c4957.jpg, 1
Copy-of-pyd_32_jpg.rf.89b74078cb796a4694a48fa79218d0bd.jpg, 1
Copy-of-pyd_34_jpg.rf.7d8ccf518370922b2d89ad1ed99c3d37.jpg, 1
Copy-of-pyd_36_jpg.rf.817bb4a19003d49b5713df50165e2cd4.jpg, 1
Copy-of-pyd_21_jpg.rf.6648e5ef7fbd978b3a5284e7f9b6548c.jpg, 1
Copy-of-pyd_22_jpg.rf.a0e1140ce240c1140f8efcab0960102b.jpg, 1
Copy-of-pyd_21_jpg.rf.a0415cf8371179a61ab0267f2e433974.jpg, 1
Copy-of-pyd_25_jpg.rf.8c0e9be9b3836f4fb4ebd1f0d93d1249.jpg, 1
Copy-of-pyd_28_jpg.rf.96d565bf2d9cc2783ad8c7d2327153dd.jpg, 1
Copy-of-pyd_34_jpg.rf.a45977a8d63bfbfedd0e37e0fd067ad8.jpg, 1
Copy-of-pyd_3_jpg.rf.b2e8404ad17c6d48b969994f19ef8334.jpg, 1
Copy-of-pyd_33_jpg.rf.7ade7a23152c04d23d5d469971ddddf9.jpg, 1
Copy-of-pyd_23_jpg.rf.658dcaab37ecc995319f6a5ad7ea6eb1.jpg, 1
Copy-of-pyd_32_jpg.rf.a423a5f367fc90502f2f1f630931925a.jpg, 1
Copy-of-pyd_35_jpg.rf.b1d35a72b6655e589ed45da72931ffd7.jpg, 1
Copy-of-pyd_2_jpg.rf.6f80fa6cae325e13596e9beb6a6e21b1.jpg, 1
Copy-of-pyd_29_jpg.rf.b9f9d9c1e9e470985e95ea55724fb822.jpg, 1
Copy-of-pyd_0_jpg.rf.9bf1697b0bea2972b1a69c78a7780753.jpg, 1
Copy-of-pyd_16_jpg.rf.c7086878ff094c15403819e7a8d9ecc9.jpg, 1
Copy-of-pyd_27_jpg.rf.b0c3d4d56819f4ea4ef0d50739057840.jpg, 1
Copy-of-pyd_14_jpg.rf.a31c18afb6b3d462b2265f6e819c438b.jpg, 1
Copy-of-pyd_24_jpg.rf.9cf8921c533ceea9bce847474fb216c7.jpg, 1
Copy-of-pyd_2_jpg.rf.9bc0378ce54ef49c6be1bd74cfb5b485.jpg, 1
Copy-of-pyd_2_jpg.rf.ab934ed721475359817e5f1140a3fef0.jpg, 1
Copy-of-pyd_33_jpg.rf.ca2b9fc4c1067cd61d9a396c74d51925.jpg, 1
Copy-of-pyd_3_jpg.rf.c0e062f24116f28c38a652439cdbe19c.jpg, 1
Copy-of-pyd_27_jpg.rf.b9430d8e3dcff2955c3d63ee9f66f2a6.jpg, 1
Copy-of-pyd_16_jpg.rf.c5ac28f8767c4311fc1c7b6ca73ea5d9.jpg, 1
Copy-of-pyd_16_jpg.rf.c8943343d72fcc97c5052d4017296ba7.jpg, 1
Copy-of-pyd_14_jpg.rf.aeebfac79c8581a293e3157e62f26468.jpg, 1
Copy-of-pyd_10_jpg.rf.e49cbd62179d1ea4d516ffefc5dec97d.jpg, 1
Copy-of-pyd_1_jpg.rf.bc7191cae6553542fc327f9bf9ac19be.jpg, 1
Copy-of-pyd_24_jpg.rf.bf25615dfd3a8f1f070bb97d70310da9.jpg, 1
Copy-of-pyd_25_jpg.rf.e91f07b743fe23ea9c38d5291bf61be0.jpg, 1
Copy-of-pyd_6_jpg.rf.ebad97e8ec902ef31bb49fa2d6fed756.jpg, 1
Copy-of-pyd_32_jpg.rf.f6e72cd89c6b130aaf45ceec24e38cea.jpg, 1
Copy-of-pyd_24_jpg.rf.dc535a5d949877923762cd16ae9d9561.jpg, 1
Copy-of-pyd_5_jpg.rf.dbc3851e5f3ca7e071be5bb60424a97a.jpg, 1
Copy-of-pyd_36_jpg.rf.cadcdc8b513aabe6d3a6184f5ba7e4d6.jpg, 1
Copy-of-pyd_7_jpg.rf.d4d34b11e344d7270ca9df23fcaf7208.jpg, 1
Copy-of-pyd_14_jpg.rf.f1fc96793dc37eb3a8083e3f0fcba046.jpg, 1
Copy-of-pyd_34_jpg.rf.f834e8422ccd8e7c94c0db92a098a7b7.jpg, 1
Copy-of-pyd_6_jpg.rf.ebb0920cdbc8bef00205b425f6a1440f.jpg, 1
Copy-of-pyd_11_jpg.rf.e55c8704a2d6b518537516a565ecfe29.jpg, 1
Copy-of-pyd_13_jpg.rf.fb016efce65dadaf56d81db2996f1233.jpg, 1
Copy-of-pyd_4_jpg.rf.d8a3e6ca6d11fedb125b41e7b3e52877.jpg, 1
Copy-of-pyd_35_jpg.rf.e57fca7153210966fa87116687f49a0d.jpg, 1
Copy-of-pyd_27_jpg.rf.d18048b6ecf1e6f49e7128bf69a573e0.jpg, 1
Copy-of-pyd_11_jpg.rf.ebf2fff03c1e372ad0c697890c14de8e.jpg, 1
Copy-of-pyd_26_jpg.rf.dbbb1f87619c83610452e66fc78d6840.jpg, 1